county,metric,pct,tag,published_date,source
dublin,129,,county,2020-03-18,https://www.gov.ie/en/press-release/73ada6-statement-from-the-national-public-health-emergency-team-18-march/
carlow,≤ 5,,county,2020-03-18,https://www.gov.ie/en/press-release/73ada6-statement-from-the-national-public-health-emergency-team-18-march/
cavan,≤ 5,,county,2020-03-18,https://www.gov.ie/en/press-release/73ada6-statement-from-the-national-public-health-emergency-team-18-march/
clare,≤ 5,,county,2020-03-18,https://www.gov.ie/en/press-release/73ada6-statement-from-the-national-public-health-emergency-team-18-march/
donegal,≤ 5,,county,2020-03-18,https://www.gov.ie/en/press-release/73ada6-statement-from-the-national-public-health-emergency-team-18-march/
kildare,≤ 5,,county,2020-03-18,https://www.gov.ie/en/press-release/73ada6-statement-from-the-national-public-health-emergency-team-18-march/
kilkenny,≤ 5,,county,2020-03-18,https://www.gov.ie/en/press-release/73ada6-statement-from-the-national-public-health-emergency-team-18-march/
longford,≤ 5,,county,2020-03-18,https://www.gov.ie/en/press-release/73ada6-statement-from-the-national-public-health-emergency-team-18-march/
louth,≤ 5,,county,2020-03-18,https://www.gov.ie/en/press-release/73ada6-statement-from-the-national-public-health-emergency-team-18-march/
mayo,≤ 5,,county,2020-03-18,https://www.gov.ie/en/press-release/73ada6-statement-from-the-national-public-health-emergency-team-18-march/
meath,≤ 5,,county,2020-03-18,https://www.gov.ie/en/press-release/73ada6-statement-from-the-national-public-health-emergency-team-18-march/
cork,48,,county,2020-03-18,https://www.gov.ie/en/press-release/73ada6-statement-from-the-national-public-health-emergency-team-18-march/
roscommon,≤ 5,,county,2020-03-18,https://www.gov.ie/en/press-release/73ada6-statement-from-the-national-public-health-emergency-team-18-march/
limerick,14,,county,2020-03-18,https://www.gov.ie/en/press-release/73ada6-statement-from-the-national-public-health-emergency-team-18-march/
galway,12,,county,2020-03-18,https://www.gov.ie/en/press-release/73ada6-statement-from-the-national-public-health-emergency-team-18-march/
wicklow,9,,county,2020-03-18,https://www.gov.ie/en/press-release/73ada6-statement-from-the-national-public-health-emergency-team-18-march/
westmeath,7,,county,2020-03-18,https://www.gov.ie/en/press-release/73ada6-statement-from-the-national-public-health-emergency-team-18-march/
offaly,≤ 5,,county,2020-03-18,https://www.gov.ie/en/press-release/73ada6-statement-from-the-national-public-health-emergency-team-18-march/
kerry,6,,county,2020-03-18,https://www.gov.ie/en/press-release/73ada6-statement-from-the-national-public-health-emergency-team-18-march/
wexford,≤ 5,,county,2020-03-18,https://www.gov.ie/en/press-release/73ada6-statement-from-the-national-public-health-emergency-team-18-march/
tipperary,≤ 5,,county,2020-03-18,https://www.gov.ie/en/press-release/73ada6-statement-from-the-national-public-health-emergency-team-18-march/
sligo,≤ 5,,county,2020-03-18,https://www.gov.ie/en/press-release/73ada6-statement-from-the-national-public-health-emergency-team-18-march/
waterford,7,,county,2020-03-18,https://www.gov.ie/en/press-release/73ada6-statement-from-the-national-public-health-emergency-team-18-march/
offaly,≤ 5,,county,2020-03-19,https://www.gov.ie/en/press-release/ebd698-statement-from-the-national-public-health-emergency-team-19-march/
carlow,≤ 5,,county,2020-03-19,https://www.gov.ie/en/press-release/ebd698-statement-from-the-national-public-health-emergency-team-19-march/
cavan,≤ 5,,county,2020-03-19,https://www.gov.ie/en/press-release/ebd698-statement-from-the-national-public-health-emergency-team-19-march/
clare,≤ 5,,county,2020-03-19,https://www.gov.ie/en/press-release/ebd698-statement-from-the-national-public-health-emergency-team-19-march/
donegal,≤ 5,,county,2020-03-19,https://www.gov.ie/en/press-release/ebd698-statement-from-the-national-public-health-emergency-team-19-march/
kilkenny,≤ 5,,county,2020-03-19,https://www.gov.ie/en/press-release/ebd698-statement-from-the-national-public-health-emergency-team-19-march/
laois,≤ 5,,county,2020-03-19,https://www.gov.ie/en/press-release/ebd698-statement-from-the-national-public-health-emergency-team-19-march/
leitrim,≤ 5,,county,2020-03-19,https://www.gov.ie/en/press-release/ebd698-statement-from-the-national-public-health-emergency-team-19-march/
longford,≤ 5,,county,2020-03-19,https://www.gov.ie/en/press-release/ebd698-statement-from-the-national-public-health-emergency-team-19-march/
mayo,≤ 5,,county,2020-03-19,https://www.gov.ie/en/press-release/ebd698-statement-from-the-national-public-health-emergency-team-19-march/
roscommon,≤ 5,,county,2020-03-19,https://www.gov.ie/en/press-release/ebd698-statement-from-the-national-public-health-emergency-team-19-march/
sligo,≤ 5,,county,2020-03-19,https://www.gov.ie/en/press-release/ebd698-statement-from-the-national-public-health-emergency-team-19-march/
dublin,172,,county,2020-03-19,https://www.gov.ie/en/press-release/ebd698-statement-from-the-national-public-health-emergency-team-19-march/
tipperary,≤ 5,,county,2020-03-19,https://www.gov.ie/en/press-release/ebd698-statement-from-the-national-public-health-emergency-team-19-march/
cork,62,,county,2020-03-19,https://www.gov.ie/en/press-release/ebd698-statement-from-the-national-public-health-emergency-team-19-march/
limerick,14,,county,2020-03-19,https://www.gov.ie/en/press-release/ebd698-statement-from-the-national-public-health-emergency-team-19-march/
galway,13,,county,2020-03-19,https://www.gov.ie/en/press-release/ebd698-statement-from-the-national-public-health-emergency-team-19-march/
westmeath,7,,county,2020-03-19,https://www.gov.ie/en/press-release/ebd698-statement-from-the-national-public-health-emergency-team-19-march/
wicklow,13,,county,2020-03-19,https://www.gov.ie/en/press-release/ebd698-statement-from-the-national-public-health-emergency-team-19-march/
meath,6,,county,2020-03-19,https://www.gov.ie/en/press-release/ebd698-statement-from-the-national-public-health-emergency-team-19-march/
kerry,6,,county,2020-03-19,https://www.gov.ie/en/press-release/ebd698-statement-from-the-national-public-health-emergency-team-19-march/
louth,6,,county,2020-03-19,https://www.gov.ie/en/press-release/ebd698-statement-from-the-national-public-health-emergency-team-19-march/
kildare,6,,county,2020-03-19,https://www.gov.ie/en/press-release/ebd698-statement-from-the-national-public-health-emergency-team-19-march/
wexford,≤ 5,,county,2020-03-19,https://www.gov.ie/en/press-release/ebd698-statement-from-the-national-public-health-emergency-team-19-march/
waterford,7,,county,2020-03-19,https://www.gov.ie/en/press-release/ebd698-statement-from-the-national-public-health-emergency-team-19-march/
mayo,≤ 5,0.0,county,2020-03-20,https://www.gov.ie/en/press-release/3e7517-statement-from-the-national-public-health-emergency-team/
sligo,≤ 5,0.01,county,2020-03-20,https://www.gov.ie/en/press-release/3e7517-statement-from-the-national-public-health-emergency-team/
roscommon,≤ 5,0.0,county,2020-03-20,https://www.gov.ie/en/press-release/3e7517-statement-from-the-national-public-health-emergency-team/
offaly,≤ 5,0.01,county,2020-03-20,https://www.gov.ie/en/press-release/3e7517-statement-from-the-national-public-health-emergency-team/
longford,≤ 5,0.0,county,2020-03-20,https://www.gov.ie/en/press-release/3e7517-statement-from-the-national-public-health-emergency-team/
tipperary,≤ 5,0.01,county,2020-03-20,https://www.gov.ie/en/press-release/3e7517-statement-from-the-national-public-health-emergency-team/
laois,≤ 5,0.01,county,2020-03-20,https://www.gov.ie/en/press-release/3e7517-statement-from-the-national-public-health-emergency-team/
donegal,≤ 5,0.01,county,2020-03-20,https://www.gov.ie/en/press-release/3e7517-statement-from-the-national-public-health-emergency-team/
cavan,≤ 5,0.0,county,2020-03-20,https://www.gov.ie/en/press-release/3e7517-statement-from-the-national-public-health-emergency-team/
carlow,≤ 5,0.01,county,2020-03-20,https://www.gov.ie/en/press-release/3e7517-statement-from-the-national-public-health-emergency-team/
leitrim,≤ 5,0.0,county,2020-03-20,https://www.gov.ie/en/press-release/3e7517-statement-from-the-national-public-health-emergency-team/
wexford,≤ 5,0.0,county,2020-03-20,https://www.gov.ie/en/press-release/3e7517-statement-from-the-national-public-health-emergency-team/
dublin,225,0.51,county,2020-03-20,https://www.gov.ie/en/press-release/3e7517-statement-from-the-national-public-health-emergency-team/
kilkenny,7,0.02,county,2020-03-20,https://www.gov.ie/en/press-release/3e7517-statement-from-the-national-public-health-emergency-team/
kerry,7,0.02,county,2020-03-20,https://www.gov.ie/en/press-release/3e7517-statement-from-the-national-public-health-emergency-team/
waterford,7,0.02,county,2020-03-20,https://www.gov.ie/en/press-release/3e7517-statement-from-the-national-public-health-emergency-team/
louth,8,0.02,county,2020-03-20,https://www.gov.ie/en/press-release/3e7517-statement-from-the-national-public-health-emergency-team/
kildare,9,0.02,county,2020-03-20,https://www.gov.ie/en/press-release/3e7517-statement-from-the-national-public-health-emergency-team/
meath,11,0.03,county,2020-03-20,https://www.gov.ie/en/press-release/3e7517-statement-from-the-national-public-health-emergency-team/
westmeath,12,0.03,county,2020-03-20,https://www.gov.ie/en/press-release/3e7517-statement-from-the-national-public-health-emergency-team/
galway,14,0.03,county,2020-03-20,https://www.gov.ie/en/press-release/3e7517-statement-from-the-national-public-health-emergency-team/
wicklow,15,0.03,county,2020-03-20,https://www.gov.ie/en/press-release/3e7517-statement-from-the-national-public-health-emergency-team/
limerick,15,0.03,county,2020-03-20,https://www.gov.ie/en/press-release/3e7517-statement-from-the-national-public-health-emergency-team/
cork,66,0.15,county,2020-03-20,https://www.gov.ie/en/press-release/3e7517-statement-from-the-national-public-health-emergency-team/
clare,7,0.02,county,2020-03-20,https://www.gov.ie/en/press-release/3e7517-statement-from-the-national-public-health-emergency-team/
kilkenny,11,0.02,county,2020-03-21,https://www.gov.ie/en/press-release/f0c391-statement-from-the-national-public-health-emergency-team-saturday-21/
laois,≤5,0.01,county,2020-03-21,https://www.gov.ie/en/press-release/f0c391-statement-from-the-national-public-health-emergency-team-saturday-21/
kerry,8,0.01,county,2020-03-21,https://www.gov.ie/en/press-release/f0c391-statement-from-the-national-public-health-emergency-team-saturday-21/
galway,21,0.04,county,2020-03-21,https://www.gov.ie/en/press-release/f0c391-statement-from-the-national-public-health-emergency-team-saturday-21/
carlow,≤5,0.0,county,2020-03-21,https://www.gov.ie/en/press-release/f0c391-statement-from-the-national-public-health-emergency-team-saturday-21/
donegal,≤5,0.01,county,2020-03-21,https://www.gov.ie/en/press-release/f0c391-statement-from-the-national-public-health-emergency-team-saturday-21/
cork,88,0.15,county,2020-03-21,https://www.gov.ie/en/press-release/f0c391-statement-from-the-national-public-health-emergency-team-saturday-21/
clare,7,0.01,county,2020-03-21,https://www.gov.ie/en/press-release/f0c391-statement-from-the-national-public-health-emergency-team-saturday-21/
cavan,≤5,0.0,county,2020-03-21,https://www.gov.ie/en/press-release/f0c391-statement-from-the-national-public-health-emergency-team-saturday-21/
dublin,320,0.55,county,2020-03-21,https://www.gov.ie/en/press-release/f0c391-statement-from-the-national-public-health-emergency-team-saturday-21/
leitrim,≤5,0.0,county,2020-03-21,https://www.gov.ie/en/press-release/f0c391-statement-from-the-national-public-health-emergency-team-saturday-21/
kildare,18,0.03,county,2020-03-21,https://www.gov.ie/en/press-release/f0c391-statement-from-the-national-public-health-emergency-team-saturday-21/
longford,≤5,0.01,county,2020-03-21,https://www.gov.ie/en/press-release/f0c391-statement-from-the-national-public-health-emergency-team-saturday-21/
limerick,15,0.03,county,2020-03-21,https://www.gov.ie/en/press-release/f0c391-statement-from-the-national-public-health-emergency-team-saturday-21/
wicklow,17,0.03,county,2020-03-21,https://www.gov.ie/en/press-release/f0c391-statement-from-the-national-public-health-emergency-team-saturday-21/
wexford,≤5,0.0,county,2020-03-21,https://www.gov.ie/en/press-release/f0c391-statement-from-the-national-public-health-emergency-team-saturday-21/
westmeath,14,0.02,county,2020-03-21,https://www.gov.ie/en/press-release/f0c391-statement-from-the-national-public-health-emergency-team-saturday-21/
waterford,8,0.01,county,2020-03-21,https://www.gov.ie/en/press-release/f0c391-statement-from-the-national-public-health-emergency-team-saturday-21/
tipperary,≤5,0.01,county,2020-03-21,https://www.gov.ie/en/press-release/f0c391-statement-from-the-national-public-health-emergency-team-saturday-21/
louth,9,0.02,county,2020-03-21,https://www.gov.ie/en/press-release/f0c391-statement-from-the-national-public-health-emergency-team-saturday-21/
roscommon,≤5,0.0,county,2020-03-21,https://www.gov.ie/en/press-release/f0c391-statement-from-the-national-public-health-emergency-team-saturday-21/
offaly,7,0.01,county,2020-03-21,https://www.gov.ie/en/press-release/f0c391-statement-from-the-national-public-health-emergency-team-saturday-21/
meath,10,0.02,county,2020-03-21,https://www.gov.ie/en/press-release/f0c391-statement-from-the-national-public-health-emergency-team-saturday-21/
mayo,≤5,0.0,county,2020-03-21,https://www.gov.ie/en/press-release/f0c391-statement-from-the-national-public-health-emergency-team-saturday-21/
sligo,≤5,0.01,county,2020-03-21,https://www.gov.ie/en/press-release/f0c391-statement-from-the-national-public-health-emergency-team-saturday-21/
laois,6,0.01,county,2020-03-22,https://www.gov.ie/en/press-release/a01ff4-statement-from-the-national-public-health-emergency-team-on-sunday-2/
kilkenny,11,0.02,county,2020-03-22,https://www.gov.ie/en/press-release/a01ff4-statement-from-the-national-public-health-emergency-team-on-sunday-2/
kerry,9,0.01,county,2020-03-22,https://www.gov.ie/en/press-release/a01ff4-statement-from-the-national-public-health-emergency-team-on-sunday-2/
galway,25,0.04,county,2020-03-22,https://www.gov.ie/en/press-release/a01ff4-statement-from-the-national-public-health-emergency-team-on-sunday-2/
dublin,402,0.57,county,2020-03-22,https://www.gov.ie/en/press-release/a01ff4-statement-from-the-national-public-health-emergency-team-on-sunday-2/
cork,101,0.14,county,2020-03-22,https://www.gov.ie/en/press-release/a01ff4-statement-from-the-national-public-health-emergency-team-on-sunday-2/
leitrim,≤5,0.0,county,2020-03-22,https://www.gov.ie/en/press-release/a01ff4-statement-from-the-national-public-health-emergency-team-on-sunday-2/
clare,7,0.01,county,2020-03-22,https://www.gov.ie/en/press-release/a01ff4-statement-from-the-national-public-health-emergency-team-on-sunday-2/
cavan,≤5,0.01,county,2020-03-22,https://www.gov.ie/en/press-release/a01ff4-statement-from-the-national-public-health-emergency-team-on-sunday-2/
carlow,≤5,0.004,county,2020-03-22,https://www.gov.ie/en/press-release/a01ff4-statement-from-the-national-public-health-emergency-team-on-sunday-2/
donegal,≤5,0.01,county,2020-03-22,https://www.gov.ie/en/press-release/a01ff4-statement-from-the-national-public-health-emergency-team-on-sunday-2/
limerick,15,0.02,county,2020-03-22,https://www.gov.ie/en/press-release/a01ff4-statement-from-the-national-public-health-emergency-team-on-sunday-2/
kildare,20,0.03,county,2020-03-22,https://www.gov.ie/en/press-release/a01ff4-statement-from-the-national-public-health-emergency-team-on-sunday-2/
louth,11,0.02,county,2020-03-22,https://www.gov.ie/en/press-release/a01ff4-statement-from-the-national-public-health-emergency-team-on-sunday-2/
longford,≤5,0.01,county,2020-03-22,https://www.gov.ie/en/press-release/a01ff4-statement-from-the-national-public-health-emergency-team-on-sunday-2/
wexford,≤5,0.0,county,2020-03-22,https://www.gov.ie/en/press-release/a01ff4-statement-from-the-national-public-health-emergency-team-on-sunday-2/
westmeath,16,0.02,county,2020-03-22,https://www.gov.ie/en/press-release/a01ff4-statement-from-the-national-public-health-emergency-team-on-sunday-2/
waterford,9,0.01,county,2020-03-22,https://www.gov.ie/en/press-release/a01ff4-statement-from-the-national-public-health-emergency-team-on-sunday-2/
sligo,≤5,0.01,county,2020-03-22,https://www.gov.ie/en/press-release/a01ff4-statement-from-the-national-public-health-emergency-team-on-sunday-2/
tipperary,8,0.01,county,2020-03-22,https://www.gov.ie/en/press-release/a01ff4-statement-from-the-national-public-health-emergency-team-on-sunday-2/
offaly,9,0.01,county,2020-03-22,https://www.gov.ie/en/press-release/a01ff4-statement-from-the-national-public-health-emergency-team-on-sunday-2/
monaghan,≤5,0.0,county,2020-03-22,https://www.gov.ie/en/press-release/a01ff4-statement-from-the-national-public-health-emergency-team-on-sunday-2/
meath,11,0.02,county,2020-03-22,https://www.gov.ie/en/press-release/a01ff4-statement-from-the-national-public-health-emergency-team-on-sunday-2/
mayo,≤5,0.0,county,2020-03-22,https://www.gov.ie/en/press-release/a01ff4-statement-from-the-national-public-health-emergency-team-on-sunday-2/
roscommon,≤5,0.0,county,2020-03-22,https://www.gov.ie/en/press-release/a01ff4-statement-from-the-national-public-health-emergency-team-on-sunday-2/
wicklow,22,0.03,county,2020-03-22,https://www.gov.ie/en/press-release/a01ff4-statement-from-the-national-public-health-emergency-team-on-sunday-2/
galway,33,0.04,county,2020-03-23,https://www.gov.ie/en/press-release/510383-statement-from-the-national-public-health-emergency-team-on-monday-2/
kilkenny,15,0.02,county,2020-03-23,https://www.gov.ie/en/press-release/510383-statement-from-the-national-public-health-emergency-team-on-monday-2/
kildare,23,0.03,county,2020-03-23,https://www.gov.ie/en/press-release/510383-statement-from-the-national-public-health-emergency-team-on-monday-2/
kerry,12,0.01,county,2020-03-23,https://www.gov.ie/en/press-release/510383-statement-from-the-national-public-health-emergency-team-on-monday-2/
carlow,≤5,0.0,county,2020-03-23,https://www.gov.ie/en/press-release/510383-statement-from-the-national-public-health-emergency-team-on-monday-2/
donegal,8,0.01,county,2020-03-23,https://www.gov.ie/en/press-release/510383-statement-from-the-national-public-health-emergency-team-on-monday-2/
cork,104,0.12,county,2020-03-23,https://www.gov.ie/en/press-release/510383-statement-from-the-national-public-health-emergency-team-on-monday-2/
clare,9,0.01,county,2020-03-23,https://www.gov.ie/en/press-release/510383-statement-from-the-national-public-health-emergency-team-on-monday-2/
cavan,≤5,0.01,county,2020-03-23,https://www.gov.ie/en/press-release/510383-statement-from-the-national-public-health-emergency-team-on-monday-2/
laois,6,0.01,county,2020-03-23,https://www.gov.ie/en/press-release/510383-statement-from-the-national-public-health-emergency-team-on-monday-2/
dublin,471,0.56,county,2020-03-23,https://www.gov.ie/en/press-release/510383-statement-from-the-national-public-health-emergency-team-on-monday-2/
leitrim,≤5,0.0,county,2020-03-23,https://www.gov.ie/en/press-release/510383-statement-from-the-national-public-health-emergency-team-on-monday-2/
roscommon,≤5,0.0,county,2020-03-23,https://www.gov.ie/en/press-release/510383-statement-from-the-national-public-health-emergency-team-on-monday-2/
longford,≤5,0.01,county,2020-03-23,https://www.gov.ie/en/press-release/510383-statement-from-the-national-public-health-emergency-team-on-monday-2/
limerick,18,0.02,county,2020-03-23,https://www.gov.ie/en/press-release/510383-statement-from-the-national-public-health-emergency-team-on-monday-2/
wicklow,22,0.03,county,2020-03-23,https://www.gov.ie/en/press-release/510383-statement-from-the-national-public-health-emergency-team-on-monday-2/
wexford,≤5,0.0,county,2020-03-23,https://www.gov.ie/en/press-release/510383-statement-from-the-national-public-health-emergency-team-on-monday-2/
waterford,9,0.01,county,2020-03-23,https://www.gov.ie/en/press-release/510383-statement-from-the-national-public-health-emergency-team-on-monday-2/
tipperary,20,0.02,county,2020-03-23,https://www.gov.ie/en/press-release/510383-statement-from-the-national-public-health-emergency-team-on-monday-2/
westmeath,20,0.02,county,2020-03-23,https://www.gov.ie/en/press-release/510383-statement-from-the-national-public-health-emergency-team-on-monday-2/
offaly,10,0.01,county,2020-03-23,https://www.gov.ie/en/press-release/510383-statement-from-the-national-public-health-emergency-team-on-monday-2/
monaghan,≤5,0.0,county,2020-03-23,https://www.gov.ie/en/press-release/510383-statement-from-the-national-public-health-emergency-team-on-monday-2/
meath,13,0.02,county,2020-03-23,https://www.gov.ie/en/press-release/510383-statement-from-the-national-public-health-emergency-team-on-monday-2/
mayo,6,0.01,county,2020-03-23,https://www.gov.ie/en/press-release/510383-statement-from-the-national-public-health-emergency-team-on-monday-2/
louth,13,0.02,county,2020-03-23,https://www.gov.ie/en/press-release/510383-statement-from-the-national-public-health-emergency-team-on-monday-2/
sligo,8,0.01,county,2020-03-23,https://www.gov.ie/en/press-release/510383-statement-from-the-national-public-health-emergency-team-on-monday-2/
leitrim,≤5,0.0,county,2020-03-24,https://www.gov.ie/en/press-release/e378fd-statement-from-the-national-public-health-emergency-team-on-tuesday-/
limerick,19,0.02,county,2020-03-24,https://www.gov.ie/en/press-release/e378fd-statement-from-the-national-public-health-emergency-team-on-tuesday-/
longford,≤5,0.01,county,2020-03-24,https://www.gov.ie/en/press-release/e378fd-statement-from-the-national-public-health-emergency-team-on-tuesday-/
louth,16,0.02,county,2020-03-24,https://www.gov.ie/en/press-release/e378fd-statement-from-the-national-public-health-emergency-team-on-tuesday-/
mayo,9,0.01,county,2020-03-24,https://www.gov.ie/en/press-release/e378fd-statement-from-the-national-public-health-emergency-team-on-tuesday-/
meath,16,0.02,county,2020-03-24,https://www.gov.ie/en/press-release/e378fd-statement-from-the-national-public-health-emergency-team-on-tuesday-/
monaghan,≤5,0.0,county,2020-03-24,https://www.gov.ie/en/press-release/e378fd-statement-from-the-national-public-health-emergency-team-on-tuesday-/
sligo,8,0.01,county,2020-03-24,https://www.gov.ie/en/press-release/e378fd-statement-from-the-national-public-health-emergency-team-on-tuesday-/
roscommon,≤5,0.0,county,2020-03-24,https://www.gov.ie/en/press-release/e378fd-statement-from-the-national-public-health-emergency-team-on-tuesday-/
tipperary,20,0.02,county,2020-03-24,https://www.gov.ie/en/press-release/e378fd-statement-from-the-national-public-health-emergency-team-on-tuesday-/
waterford,13,0.01,county,2020-03-24,https://www.gov.ie/en/press-release/e378fd-statement-from-the-national-public-health-emergency-team-on-tuesday-/
wexford,≤5,0.0,county,2020-03-24,https://www.gov.ie/en/press-release/e378fd-statement-from-the-national-public-health-emergency-team-on-tuesday-/
wicklow,28,0.03,county,2020-03-24,https://www.gov.ie/en/press-release/e378fd-statement-from-the-national-public-health-emergency-team-on-tuesday-/
laois,8,0.01,county,2020-03-24,https://www.gov.ie/en/press-release/e378fd-statement-from-the-national-public-health-emergency-team-on-tuesday-/
offaly,13,0.01,county,2020-03-24,https://www.gov.ie/en/press-release/e378fd-statement-from-the-national-public-health-emergency-team-on-tuesday-/
westmeath,21,0.02,county,2020-03-24,https://www.gov.ie/en/press-release/e378fd-statement-from-the-national-public-health-emergency-team-on-tuesday-/
kilkenny,16,0.02,county,2020-03-24,https://www.gov.ie/en/press-release/e378fd-statement-from-the-national-public-health-emergency-team-on-tuesday-/
kerry,15,0.01,county,2020-03-24,https://www.gov.ie/en/press-release/e378fd-statement-from-the-national-public-health-emergency-team-on-tuesday-/
galway,35,0.04,county,2020-03-24,https://www.gov.ie/en/press-release/e378fd-statement-from-the-national-public-health-emergency-team-on-tuesday-/
dublin,535,0.56,county,2020-03-24,https://www.gov.ie/en/press-release/e378fd-statement-from-the-national-public-health-emergency-team-on-tuesday-/
donegal,11,0.01,county,2020-03-24,https://www.gov.ie/en/press-release/e378fd-statement-from-the-national-public-health-emergency-team-on-tuesday-/
cork,123,0.13,county,2020-03-24,https://www.gov.ie/en/press-release/e378fd-statement-from-the-national-public-health-emergency-team-on-tuesday-/
clare,11,0.01,county,2020-03-24,https://www.gov.ie/en/press-release/e378fd-statement-from-the-national-public-health-emergency-team-on-tuesday-/
cavan,≤5,0.01,county,2020-03-24,https://www.gov.ie/en/press-release/e378fd-statement-from-the-national-public-health-emergency-team-on-tuesday-/
carlow,≤5,0.0,county,2020-03-24,https://www.gov.ie/en/press-release/e378fd-statement-from-the-national-public-health-emergency-team-on-tuesday-/
kildare,25,0.03,county,2020-03-24,https://www.gov.ie/en/press-release/e378fd-statement-from-the-national-public-health-emergency-team-on-tuesday-/
kilkenny,16,0.01,county,2020-03-25,https://www.gov.ie/en/press-release/45aa11-statement-from-the-national-public-health-emergency-team-wednesday-2/
kildare,34,0.03,county,2020-03-25,https://www.gov.ie/en/press-release/45aa11-statement-from-the-national-public-health-emergency-team-wednesday-2/
kerry,33,0.03,county,2020-03-25,https://www.gov.ie/en/press-release/45aa11-statement-from-the-national-public-health-emergency-team-wednesday-2/
galway,40,0.03,county,2020-03-25,https://www.gov.ie/en/press-release/45aa11-statement-from-the-national-public-health-emergency-team-wednesday-2/
dublin,659,0.57,county,2020-03-25,https://www.gov.ie/en/press-release/45aa11-statement-from-the-national-public-health-emergency-team-wednesday-2/
cavan,≤5,0.01,county,2020-03-25,https://www.gov.ie/en/press-release/45aa11-statement-from-the-national-public-health-emergency-team-wednesday-2/
cork,133,0.12,county,2020-03-25,https://www.gov.ie/en/press-release/45aa11-statement-from-the-national-public-health-emergency-team-wednesday-2/
clare,12,0.01,county,2020-03-25,https://www.gov.ie/en/press-release/45aa11-statement-from-the-national-public-health-emergency-team-wednesday-2/
leitrim,≤5,0.0,county,2020-03-25,https://www.gov.ie/en/press-release/45aa11-statement-from-the-national-public-health-emergency-team-wednesday-2/
carlow,≤5,0.0,county,2020-03-25,https://www.gov.ie/en/press-release/45aa11-statement-from-the-national-public-health-emergency-team-wednesday-2/
donegal,11,0.01,county,2020-03-25,https://www.gov.ie/en/press-release/45aa11-statement-from-the-national-public-health-emergency-team-wednesday-2/
limerick,19,0.02,county,2020-03-25,https://www.gov.ie/en/press-release/45aa11-statement-from-the-national-public-health-emergency-team-wednesday-2/
laois,9,0.01,county,2020-03-25,https://www.gov.ie/en/press-release/45aa11-statement-from-the-national-public-health-emergency-team-wednesday-2/
louth,18,0.02,county,2020-03-25,https://www.gov.ie/en/press-release/45aa11-statement-from-the-national-public-health-emergency-team-wednesday-2/
longford,≤5,0.01,county,2020-03-25,https://www.gov.ie/en/press-release/45aa11-statement-from-the-national-public-health-emergency-team-wednesday-2/
wexford,7,0.0,county,2020-03-25,https://www.gov.ie/en/press-release/45aa11-statement-from-the-national-public-health-emergency-team-wednesday-2/
westmeath,25,0.02,county,2020-03-25,https://www.gov.ie/en/press-release/45aa11-statement-from-the-national-public-health-emergency-team-wednesday-2/
waterford,15,0.01,county,2020-03-25,https://www.gov.ie/en/press-release/45aa11-statement-from-the-national-public-health-emergency-team-wednesday-2/
tipperary,20,0.02,county,2020-03-25,https://www.gov.ie/en/press-release/45aa11-statement-from-the-national-public-health-emergency-team-wednesday-2/
sligo,8,0.01,county,2020-03-25,https://www.gov.ie/en/press-release/45aa11-statement-from-the-national-public-health-emergency-team-wednesday-2/
wicklow,39,0.03,county,2020-03-25,https://www.gov.ie/en/press-release/45aa11-statement-from-the-national-public-health-emergency-team-wednesday-2/
offaly,13,0.01,county,2020-03-25,https://www.gov.ie/en/press-release/45aa11-statement-from-the-national-public-health-emergency-team-wednesday-2/
monaghan,≤5,0.0,county,2020-03-25,https://www.gov.ie/en/press-release/45aa11-statement-from-the-national-public-health-emergency-team-wednesday-2/
meath,24,0.02,county,2020-03-25,https://www.gov.ie/en/press-release/45aa11-statement-from-the-national-public-health-emergency-team-wednesday-2/
mayo,9,0.01,county,2020-03-25,https://www.gov.ie/en/press-release/45aa11-statement-from-the-national-public-health-emergency-team-wednesday-2/
roscommon,≤5,0.0,county,2020-03-25,https://www.gov.ie/en/press-release/45aa11-statement-from-the-national-public-health-emergency-team-wednesday-2/
kilkenny,19,0.01,county,2020-03-26,https://www.gov.ie/en/press-release/0cbb04-statement-from-the-national-public-health-emergency-team-thursday-26/
kildare,39,0.03,county,2020-03-26,https://www.gov.ie/en/press-release/0cbb04-statement-from-the-national-public-health-emergency-team-thursday-26/
kerry,38,0.03,county,2020-03-26,https://www.gov.ie/en/press-release/0cbb04-statement-from-the-national-public-health-emergency-team-thursday-26/
galway,45,0.03,county,2020-03-26,https://www.gov.ie/en/press-release/0cbb04-statement-from-the-national-public-health-emergency-team-thursday-26/
dublin,774,0.56,county,2020-03-26,https://www.gov.ie/en/press-release/0cbb04-statement-from-the-national-public-health-emergency-team-thursday-26/
cork,154,0.11,county,2020-03-26,https://www.gov.ie/en/press-release/0cbb04-statement-from-the-national-public-health-emergency-team-thursday-26/
clare,25,0.02,county,2020-03-26,https://www.gov.ie/en/press-release/0cbb04-statement-from-the-national-public-health-emergency-team-thursday-26/
cavan,6,0.0,county,2020-03-26,https://www.gov.ie/en/press-release/0cbb04-statement-from-the-national-public-health-emergency-team-thursday-26/
carlow,≤5,0.0,county,2020-03-26,https://www.gov.ie/en/press-release/0cbb04-statement-from-the-national-public-health-emergency-team-thursday-26/
laois,9,0.01,county,2020-03-26,https://www.gov.ie/en/press-release/0cbb04-statement-from-the-national-public-health-emergency-team-thursday-26/
donegal,12,0.01,county,2020-03-26,https://www.gov.ie/en/press-release/0cbb04-statement-from-the-national-public-health-emergency-team-thursday-26/
leitrim,≤5,0.0,county,2020-03-26,https://www.gov.ie/en/press-release/0cbb04-statement-from-the-national-public-health-emergency-team-thursday-26/
westmeath,29,0.02,county,2020-03-26,https://www.gov.ie/en/press-release/0cbb04-statement-from-the-national-public-health-emergency-team-thursday-26/
longford,≤5,0.01,county,2020-03-26,https://www.gov.ie/en/press-release/0cbb04-statement-from-the-national-public-health-emergency-team-thursday-26/
wicklow,49,0.04,county,2020-03-26,https://www.gov.ie/en/press-release/0cbb04-statement-from-the-national-public-health-emergency-team-thursday-26/
limerick,24,0.02,county,2020-03-26,https://www.gov.ie/en/press-release/0cbb04-statement-from-the-national-public-health-emergency-team-thursday-26/
wexford,8,0.01,county,2020-03-26,https://www.gov.ie/en/press-release/0cbb04-statement-from-the-national-public-health-emergency-team-thursday-26/
waterford,22,0.02,county,2020-03-26,https://www.gov.ie/en/press-release/0cbb04-statement-from-the-national-public-health-emergency-team-thursday-26/
sligo,8,0.01,county,2020-03-26,https://www.gov.ie/en/press-release/0cbb04-statement-from-the-national-public-health-emergency-team-thursday-26/
tipperary,27,0.02,county,2020-03-26,https://www.gov.ie/en/press-release/0cbb04-statement-from-the-national-public-health-emergency-team-thursday-26/
offaly,16,0.01,county,2020-03-26,https://www.gov.ie/en/press-release/0cbb04-statement-from-the-national-public-health-emergency-team-thursday-26/
monaghan,≤5,0.0,county,2020-03-26,https://www.gov.ie/en/press-release/0cbb04-statement-from-the-national-public-health-emergency-team-thursday-26/
meath,27,0.02,county,2020-03-26,https://www.gov.ie/en/press-release/0cbb04-statement-from-the-national-public-health-emergency-team-thursday-26/
mayo,14,0.01,county,2020-03-26,https://www.gov.ie/en/press-release/0cbb04-statement-from-the-national-public-health-emergency-team-thursday-26/
louth,20,0.02,county,2020-03-26,https://www.gov.ie/en/press-release/0cbb04-statement-from-the-national-public-health-emergency-team-thursday-26/
roscommon,≤5,0.0,county,2020-03-26,https://www.gov.ie/en/press-release/0cbb04-statement-from-the-national-public-health-emergency-team-thursday-26/
kerry,44,0.03,county,2020-03-27,https://www.gov.ie/en/press-release/176fec-statement-from-the-national-public-health-emergency-team-26-march-20/
laois,10,0.01,county,2020-03-27,https://www.gov.ie/en/press-release/176fec-statement-from-the-national-public-health-emergency-team-26-march-20/
kilkenny,20,0.01,county,2020-03-27,https://www.gov.ie/en/press-release/176fec-statement-from-the-national-public-health-emergency-team-26-march-20/
kildare,45,0.03,county,2020-03-27,https://www.gov.ie/en/press-release/176fec-statement-from-the-national-public-health-emergency-team-26-march-20/
galway,57,0.04,county,2020-03-27,https://www.gov.ie/en/press-release/176fec-statement-from-the-national-public-health-emergency-team-26-march-20/
carlow,≤5,0.0,county,2020-03-27,https://www.gov.ie/en/press-release/176fec-statement-from-the-national-public-health-emergency-team-26-march-20/
donegal,15,0.01,county,2020-03-27,https://www.gov.ie/en/press-release/176fec-statement-from-the-national-public-health-emergency-team-26-march-20/
clare,26,0.02,county,2020-03-27,https://www.gov.ie/en/press-release/176fec-statement-from-the-national-public-health-emergency-team-26-march-20/
cavan,9,0.01,county,2020-03-27,https://www.gov.ie/en/press-release/176fec-statement-from-the-national-public-health-emergency-team-26-march-20/
leitrim,≤5,0.0,county,2020-03-27,https://www.gov.ie/en/press-release/176fec-statement-from-the-national-public-health-emergency-team-26-march-20/
dublin,922,0.56,county,2020-03-27,https://www.gov.ie/en/press-release/176fec-statement-from-the-national-public-health-emergency-team-26-march-20/
limerick,36,0.02,county,2020-03-27,https://www.gov.ie/en/press-release/176fec-statement-from-the-national-public-health-emergency-team-26-march-20/
cork,171,0.1,county,2020-03-27,https://www.gov.ie/en/press-release/176fec-statement-from-the-national-public-health-emergency-team-26-march-20/
louth,24,0.02,county,2020-03-27,https://www.gov.ie/en/press-release/176fec-statement-from-the-national-public-health-emergency-team-26-march-20/
wicklow,52,0.04,county,2020-03-27,https://www.gov.ie/en/press-release/176fec-statement-from-the-national-public-health-emergency-team-26-march-20/
wexford,9,0.01,county,2020-03-27,https://www.gov.ie/en/press-release/176fec-statement-from-the-national-public-health-emergency-team-26-march-20/
westmeath,39,0.02,county,2020-03-27,https://www.gov.ie/en/press-release/176fec-statement-from-the-national-public-health-emergency-team-26-march-20/
waterford,25,0.02,county,2020-03-27,https://www.gov.ie/en/press-release/176fec-statement-from-the-national-public-health-emergency-team-26-march-20/
tipperary,34,0.02,county,2020-03-27,https://www.gov.ie/en/press-release/176fec-statement-from-the-national-public-health-emergency-team-26-march-20/
longford,≤5,0.01,county,2020-03-27,https://www.gov.ie/en/press-release/176fec-statement-from-the-national-public-health-emergency-team-26-march-20/
roscommon,7,0.0,county,2020-03-27,https://www.gov.ie/en/press-release/176fec-statement-from-the-national-public-health-emergency-team-26-march-20/
offaly,19,0.01,county,2020-03-27,https://www.gov.ie/en/press-release/176fec-statement-from-the-national-public-health-emergency-team-26-march-20/
monaghan,≤5,0.0,county,2020-03-27,https://www.gov.ie/en/press-release/176fec-statement-from-the-national-public-health-emergency-team-26-march-20/
meath,33,0.02,county,2020-03-27,https://www.gov.ie/en/press-release/176fec-statement-from-the-national-public-health-emergency-team-26-march-20/
mayo,18,0.01,county,2020-03-27,https://www.gov.ie/en/press-release/176fec-statement-from-the-national-public-health-emergency-team-26-march-20/
sligo,8,0.01,county,2020-03-27,https://www.gov.ie/en/press-release/176fec-statement-from-the-national-public-health-emergency-team-26-march-20/
kilkenny,29,0.01,county,2020-03-28,https://www.gov.ie/en/press-release/f87602-statement-from-the-national-public-health-emergency-team-saturday-28/
kildare,56,0.03,county,2020-03-28,https://www.gov.ie/en/press-release/f87602-statement-from-the-national-public-health-emergency-team-saturday-28/
kerry,47,0.03,county,2020-03-28,https://www.gov.ie/en/press-release/f87602-statement-from-the-national-public-health-emergency-team-saturday-28/
galway,63,0.03,county,2020-03-28,https://www.gov.ie/en/press-release/f87602-statement-from-the-national-public-health-emergency-team-saturday-28/
dublin,1070,0.56,county,2020-03-28,https://www.gov.ie/en/press-release/f87602-statement-from-the-national-public-health-emergency-team-saturday-28/
clare,31,0.02,county,2020-03-28,https://www.gov.ie/en/press-release/f87602-statement-from-the-national-public-health-emergency-team-saturday-28/
cork,184,0.1,county,2020-03-28,https://www.gov.ie/en/press-release/f87602-statement-from-the-national-public-health-emergency-team-saturday-28/
cavan,11,0.01,county,2020-03-28,https://www.gov.ie/en/press-release/f87602-statement-from-the-national-public-health-emergency-team-saturday-28/
carlow,≤5,0.0,county,2020-03-28,https://www.gov.ie/en/press-release/f87602-statement-from-the-national-public-health-emergency-team-saturday-28/
laois,11,0.01,county,2020-03-28,https://www.gov.ie/en/press-release/f87602-statement-from-the-national-public-health-emergency-team-saturday-28/
donegal,15,0.01,county,2020-03-28,https://www.gov.ie/en/press-release/f87602-statement-from-the-national-public-health-emergency-team-saturday-28/
leitrim,≤5,0.0,county,2020-03-28,https://www.gov.ie/en/press-release/f87602-statement-from-the-national-public-health-emergency-team-saturday-28/
limerick,46,0.02,county,2020-03-28,https://www.gov.ie/en/press-release/f87602-statement-from-the-national-public-health-emergency-team-saturday-28/
longford,≤5,0.0,county,2020-03-28,https://www.gov.ie/en/press-release/f87602-statement-from-the-national-public-health-emergency-team-saturday-28/
wexford,10,0.01,county,2020-03-28,https://www.gov.ie/en/press-release/f87602-statement-from-the-national-public-health-emergency-team-saturday-28/
westmeath,52,0.03,county,2020-03-28,https://www.gov.ie/en/press-release/f87602-statement-from-the-national-public-health-emergency-team-saturday-28/
waterford,29,0.02,county,2020-03-28,https://www.gov.ie/en/press-release/f87602-statement-from-the-national-public-health-emergency-team-saturday-28/
wicklow,58,0.03,county,2020-03-28,https://www.gov.ie/en/press-release/f87602-statement-from-the-national-public-health-emergency-team-saturday-28/
sligo,8,0.01,county,2020-03-28,https://www.gov.ie/en/press-release/f87602-statement-from-the-national-public-health-emergency-team-saturday-28/
tipperary,44,0.02,county,2020-03-28,https://www.gov.ie/en/press-release/f87602-statement-from-the-national-public-health-emergency-team-saturday-28/
offaly,22,0.01,county,2020-03-28,https://www.gov.ie/en/press-release/f87602-statement-from-the-national-public-health-emergency-team-saturday-28/
monaghan,8,0.0,county,2020-03-28,https://www.gov.ie/en/press-release/f87602-statement-from-the-national-public-health-emergency-team-saturday-28/
meath,41,0.02,county,2020-03-28,https://www.gov.ie/en/press-release/f87602-statement-from-the-national-public-health-emergency-team-saturday-28/
mayo,21,0.01,county,2020-03-28,https://www.gov.ie/en/press-release/f87602-statement-from-the-national-public-health-emergency-team-saturday-28/
louth,27,0.02,county,2020-03-28,https://www.gov.ie/en/press-release/f87602-statement-from-the-national-public-health-emergency-team-saturday-28/
roscommon,8,0.0,county,2020-03-28,https://www.gov.ie/en/press-release/f87602-statement-from-the-national-public-health-emergency-team-saturday-28/
kilkenny,33,0.02,county,2020-03-29,https://www.gov.ie/en/press-release/1ca282-statement-from-the-national-public-health-emergency-team-sunday-28-m/
kildare,61,0.03,county,2020-03-29,https://www.gov.ie/en/press-release/1ca282-statement-from-the-national-public-health-emergency-team-sunday-28-m/
kerry,53,0.03,county,2020-03-29,https://www.gov.ie/en/press-release/1ca282-statement-from-the-national-public-health-emergency-team-sunday-28-m/
galway,68,0.03,county,2020-03-29,https://www.gov.ie/en/press-release/1ca282-statement-from-the-national-public-health-emergency-team-sunday-28-m/
carlow,≤5,0.0,county,2020-03-29,https://www.gov.ie/en/press-release/1ca282-statement-from-the-national-public-health-emergency-team-sunday-28-m/
donegal,24,0.01,county,2020-03-29,https://www.gov.ie/en/press-release/1ca282-statement-from-the-national-public-health-emergency-team-sunday-28-m/
cork,208,0.09,county,2020-03-29,https://www.gov.ie/en/press-release/1ca282-statement-from-the-national-public-health-emergency-team-sunday-28-m/
clare,34,0.02,county,2020-03-29,https://www.gov.ie/en/press-release/1ca282-statement-from-the-national-public-health-emergency-team-sunday-28-m/
cavan,19,0.01,county,2020-03-29,https://www.gov.ie/en/press-release/1ca282-statement-from-the-national-public-health-emergency-team-sunday-28-m/
laois,14,0.01,county,2020-03-29,https://www.gov.ie/en/press-release/1ca282-statement-from-the-national-public-health-emergency-team-sunday-28-m/
dublin,1233,0.56,county,2020-03-29,https://www.gov.ie/en/press-release/1ca282-statement-from-the-national-public-health-emergency-team-sunday-28-m/
leitrim,≤5,0.0,county,2020-03-29,https://www.gov.ie/en/press-release/1ca282-statement-from-the-national-public-health-emergency-team-sunday-28-m/
offaly,29,0.01,county,2020-03-29,https://www.gov.ie/en/press-release/1ca282-statement-from-the-national-public-health-emergency-team-sunday-28-m/
longford,10,0.01,county,2020-03-29,https://www.gov.ie/en/press-release/1ca282-statement-from-the-national-public-health-emergency-team-sunday-28-m/
wicklow,65,0.03,county,2020-03-29,https://www.gov.ie/en/press-release/1ca282-statement-from-the-national-public-health-emergency-team-sunday-28-m/
wexford,12,0.01,county,2020-03-29,https://www.gov.ie/en/press-release/1ca282-statement-from-the-national-public-health-emergency-team-sunday-28-m/
westmeath,67,0.03,county,2020-03-29,https://www.gov.ie/en/press-release/1ca282-statement-from-the-national-public-health-emergency-team-sunday-28-m/
limerick,55,0.03,county,2020-03-29,https://www.gov.ie/en/press-release/1ca282-statement-from-the-national-public-health-emergency-team-sunday-28-m/
tipperary,53,0.02,county,2020-03-29,https://www.gov.ie/en/press-release/1ca282-statement-from-the-national-public-health-emergency-team-sunday-28-m/
waterford,31,0.01,county,2020-03-29,https://www.gov.ie/en/press-release/1ca282-statement-from-the-national-public-health-emergency-team-sunday-28-m/
roscommon,10,0.01,county,2020-03-29,https://www.gov.ie/en/press-release/1ca282-statement-from-the-national-public-health-emergency-team-sunday-28-m/
monaghan,11,0.01,county,2020-03-29,https://www.gov.ie/en/press-release/1ca282-statement-from-the-national-public-health-emergency-team-sunday-28-m/
meath,46,0.02,county,2020-03-29,https://www.gov.ie/en/press-release/1ca282-statement-from-the-national-public-health-emergency-team-sunday-28-m/
mayo,26,0.01,county,2020-03-29,https://www.gov.ie/en/press-release/1ca282-statement-from-the-national-public-health-emergency-team-sunday-28-m/
louth,34,0.02,county,2020-03-29,https://www.gov.ie/en/press-release/1ca282-statement-from-the-national-public-health-emergency-team-sunday-28-m/
sligo,12,0.01,county,2020-03-29,https://www.gov.ie/en/press-release/1ca282-statement-from-the-national-public-health-emergency-team-sunday-28-m/
laois,14,0.01,county,2020-03-30,https://www.gov.ie/en/press-release/d0cf73-statement-from-the-national-public-health-emergency-team-monday-30-m/
kilkenny,36,0.02,county,2020-03-30,https://www.gov.ie/en/press-release/d0cf73-statement-from-the-national-public-health-emergency-team-monday-30-m/
kildare,64,0.03,county,2020-03-30,https://www.gov.ie/en/press-release/d0cf73-statement-from-the-national-public-health-emergency-team-monday-30-m/
kerry,60,0.02,county,2020-03-30,https://www.gov.ie/en/press-release/d0cf73-statement-from-the-national-public-health-emergency-team-monday-30-m/
cavan,24,0.01,county,2020-03-30,https://www.gov.ie/en/press-release/d0cf73-statement-from-the-national-public-health-emergency-team-monday-30-m/
dublin,1393,0.56,county,2020-03-30,https://www.gov.ie/en/press-release/d0cf73-statement-from-the-national-public-health-emergency-team-monday-30-m/
donegal,36,0.02,county,2020-03-30,https://www.gov.ie/en/press-release/d0cf73-statement-from-the-national-public-health-emergency-team-monday-30-m/
cork,217,0.09,county,2020-03-30,https://www.gov.ie/en/press-release/d0cf73-statement-from-the-national-public-health-emergency-team-monday-30-m/
clare,34,0.02,county,2020-03-30,https://www.gov.ie/en/press-release/d0cf73-statement-from-the-national-public-health-emergency-team-monday-30-m/
leitrim,6,0.0,county,2020-03-30,https://www.gov.ie/en/press-release/d0cf73-statement-from-the-national-public-health-emergency-team-monday-30-m/
galway,77,0.03,county,2020-03-30,https://www.gov.ie/en/press-release/d0cf73-statement-from-the-national-public-health-emergency-team-monday-30-m/
limerick,64,0.03,county,2020-03-30,https://www.gov.ie/en/press-release/d0cf73-statement-from-the-national-public-health-emergency-team-monday-30-m/
offaly,34,0.01,county,2020-03-30,https://www.gov.ie/en/press-release/d0cf73-statement-from-the-national-public-health-emergency-team-monday-30-m/
louth,39,0.02,county,2020-03-30,https://www.gov.ie/en/press-release/d0cf73-statement-from-the-national-public-health-emergency-team-monday-30-m/
mayo,28,0.01,county,2020-03-30,https://www.gov.ie/en/press-release/d0cf73-statement-from-the-national-public-health-emergency-team-monday-30-m/
meath,47,0.02,county,2020-03-30,https://www.gov.ie/en/press-release/d0cf73-statement-from-the-national-public-health-emergency-team-monday-30-m/
monaghan,12,0.01,county,2020-03-30,https://www.gov.ie/en/press-release/d0cf73-statement-from-the-national-public-health-emergency-team-monday-30-m/
roscommon,10,0.01,county,2020-03-30,https://www.gov.ie/en/press-release/d0cf73-statement-from-the-national-public-health-emergency-team-monday-30-m/
sligo,19,0.01,county,2020-03-30,https://www.gov.ie/en/press-release/d0cf73-statement-from-the-national-public-health-emergency-team-monday-30-m/
tipperary,62,0.02,county,2020-03-30,https://www.gov.ie/en/press-release/d0cf73-statement-from-the-national-public-health-emergency-team-monday-30-m/
waterford,34,0.01,county,2020-03-30,https://www.gov.ie/en/press-release/d0cf73-statement-from-the-national-public-health-emergency-team-monday-30-m/
westmeath,70,0.03,county,2020-03-30,https://www.gov.ie/en/press-release/d0cf73-statement-from-the-national-public-health-emergency-team-monday-30-m/
wexford,12,0.01,county,2020-03-30,https://www.gov.ie/en/press-release/d0cf73-statement-from-the-national-public-health-emergency-team-monday-30-m/
wicklow,69,0.03,county,2020-03-30,https://www.gov.ie/en/press-release/d0cf73-statement-from-the-national-public-health-emergency-team-monday-30-m/
longford,10,0.01,county,2020-03-30,https://www.gov.ie/en/press-release/d0cf73-statement-from-the-national-public-health-emergency-team-monday-30-m/
carlow,≤5,0.0,county,2020-03-30,https://www.gov.ie/en/press-release/d0cf73-statement-from-the-national-public-health-emergency-team-monday-30-m/
