published_date,variable,value,source
2020-03-04,txt_new_cases,4.0,https://www.gov.ie/en/press-release/ab71f6-4-new-confirmed-cases-of-covid-19-coronavirus-in-ireland/
2020-03-05,txt_new_cases,7.0,https://www.gov.ie/en/press-release/d729e8-statement-from-the-national-public-health-emergency-team-thursday-5t/
2020-03-05,txt_cases,13.0,https://www.gov.ie/en/press-release/d729e8-statement-from-the-national-public-health-emergency-team-thursday-5t/
2020-03-06,txt_new_cases,5.0,https://www.gov.ie/en/press-release/0dcb45-statement-from-the-national-public-health-emergency-team-friday-6th-/
2020-03-06,txt_cases,18.0,https://www.gov.ie/en/press-release/0dcb45-statement-from-the-national-public-health-emergency-team-friday-6th-/
2020-03-07,txt_cases,19.0,https://www.gov.ie/en/press-release/3980ef-statement-from-the-national-public-health-emergency-team-saturday-7-/
2020-03-08,txt_new_cases,2.0,https://www.gov.ie/en/press-release/10f0b5-statement-from-the-national-public-health-emergency-team-sunday-8-ma/
2020-03-08,txt_cases,21.0,https://www.gov.ie/en/press-release/10f0b5-statement-from-the-national-public-health-emergency-team-sunday-8-ma/
2020-03-09,txt_new_cases,3.0,https://www.gov.ie/en/press-release/d38830-statement-from-the-national-public-health-emergency-team/
2020-03-09,txt_cases,24.0,https://www.gov.ie/en/press-release/d38830-statement-from-the-national-public-health-emergency-team/
2020-03-10,txt_new_cases,10.0,https://www.gov.ie/en/press-release/a4016f-statement-from-the-national-public-health-emergency-team-tuesday-10-/
2020-03-10,txt_cases,34.0,https://www.gov.ie/en/press-release/a4016f-statement-from-the-national-public-health-emergency-team-tuesday-10-/
2020-03-11,txt_new_cases,9.0,https://www.gov.ie/en/press-release/451b35-statement-from-the-national-public-health-emergency-team-wednesday-1/
2020-03-11,txt_cases,43.0,https://www.gov.ie/en/press-release/451b35-statement-from-the-national-public-health-emergency-team-wednesday-1/
2020-03-12,txt_new_cases,27.0,https://www.gov.ie/en/press-release/ef869a-statement-from-the-national-public-health-emergency-team/
2020-03-12,txt_cases,70.0,https://www.gov.ie/en/press-release/ef869a-statement-from-the-national-public-health-emergency-team/
2020-03-13,txt_new_cases,20.0,https://www.gov.ie/en/press-release/7f81ee-statement-from-the-national-public-health-emergency-team-march-13/
2020-03-13,txt_cases,90.0,https://www.gov.ie/en/press-release/7f81ee-statement-from-the-national-public-health-emergency-team-march-13/
2020-03-14,txt_new_cases,39.0,https://www.gov.ie/en/press-release/6c3762-statement-from-the-health-protection-surveillance-centre-saturday-14/
2020-03-14,txt_cases,129.0,https://www.gov.ie/en/press-release/6c3762-statement-from-the-health-protection-surveillance-centre-saturday-14/
2020-03-15,txt_new_cases,40.0,https://www.gov.ie/en/press-release/d4cf4a-statement-from-the-national-public-health-emergency-team-sunday-15-m/
2020-03-15,txt_cases,169.0,https://www.gov.ie/en/press-release/d4cf4a-statement-from-the-national-public-health-emergency-team-sunday-15-m/
2020-03-16,txt_new_cases,54.0,https://www.gov.ie/en/press-release/25663c-statement-from-the-national-public-health-emergency-team-16-march/
2020-03-16,txt_cases,223.0,https://www.gov.ie/en/press-release/25663c-statement-from-the-national-public-health-emergency-team-16-march/
2020-03-17,txt_new_cases,69.0,https://www.gov.ie/en/press-release/30c47b-statement-from-the-national-public-health-emergency-team-tuesday-17-m/
2020-03-17,txt_cases,292.0,https://www.gov.ie/en/press-release/30c47b-statement-from-the-national-public-health-emergency-team-tuesday-17-m/
2020-03-18,txt_new_cases,74.0,https://www.gov.ie/en/press-release/73ada6-statement-from-the-national-public-health-emergency-team-18-march/
2020-03-18,txt_cases,366.0,https://www.gov.ie/en/press-release/73ada6-statement-from-the-national-public-health-emergency-team-18-march/
2020-03-19,txt_cases,557.0,https://www.gov.ie/en/press-release/ebd698-statement-from-the-national-public-health-emergency-team-19-march/
2020-03-19,txt_new_cases,191.0,https://www.gov.ie/en/press-release/ebd698-statement-from-the-national-public-health-emergency-team-19-march/
2020-03-19,txt_female_pct,0.43,https://www.gov.ie/en/press-release/ebd698-statement-from-the-national-public-health-emergency-team-19-march/
2020-03-19,txt_cases_healthcare_workers,84.0,https://www.gov.ie/en/press-release/ebd698-statement-from-the-national-public-health-emergency-team-19-march/
2020-03-19,txt_male_pct,0.55,https://www.gov.ie/en/press-release/ebd698-statement-from-the-national-public-health-emergency-team-19-march/
2020-03-19,txt_cases_median_age,43.0,https://www.gov.ie/en/press-release/ebd698-statement-from-the-national-public-health-emergency-team-19-march/
2020-03-20,txt_clusters_cases,142.0,https://www.gov.ie/en/press-release/3e7517-statement-from-the-national-public-health-emergency-team/
2020-03-20,txt_clusters,27.0,https://www.gov.ie/en/press-release/3e7517-statement-from-the-national-public-health-emergency-team/
2020-03-20,txt_male_pct,0.55,https://www.gov.ie/en/press-release/3e7517-statement-from-the-national-public-health-emergency-team/
2020-03-20,txt_female_pct,0.43,https://www.gov.ie/en/press-release/3e7517-statement-from-the-national-public-health-emergency-team/
2020-03-20,txt_cases_healthcare_workers,114.0,https://www.gov.ie/en/press-release/3e7517-statement-from-the-national-public-health-emergency-team/
2020-03-20,txt_new_cases,126.0,https://www.gov.ie/en/press-release/3e7517-statement-from-the-national-public-health-emergency-team/
2020-03-20,txt_cases,683.0,https://www.gov.ie/en/press-release/3e7517-statement-from-the-national-public-health-emergency-team/
2020-03-21,txt_cases,785.0,https://www.gov.ie/en/press-release/f0c391-statement-from-the-national-public-health-emergency-team-saturday-21/
2020-03-21,txt_new_cases,102.0,https://www.gov.ie/en/press-release/f0c391-statement-from-the-national-public-health-emergency-team-saturday-21/
2020-03-21,txt_cases_median_age,44.0,https://www.gov.ie/en/press-release/f0c391-statement-from-the-national-public-health-emergency-team-saturday-21/
2020-03-21,txt_female_pct,0.44,https://www.gov.ie/en/press-release/f0c391-statement-from-the-national-public-health-emergency-team-saturday-21/
2020-03-21,txt_male_pct,0.55,https://www.gov.ie/en/press-release/f0c391-statement-from-the-national-public-health-emergency-team-saturday-21/
2020-03-21,txt_clusters,29.0,https://www.gov.ie/en/press-release/f0c391-statement-from-the-national-public-health-emergency-team-saturday-21/
2020-03-21,txt_clusters_cases,157.0,https://www.gov.ie/en/press-release/f0c391-statement-from-the-national-public-health-emergency-team-saturday-21/
2020-03-21,txt_cases_healthcare_workers,147.0,https://www.gov.ie/en/press-release/f0c391-statement-from-the-national-public-health-emergency-team-saturday-21/
2020-03-22,txt_cases_admitted_icu,17.0,https://www.gov.ie/en/press-release/a01ff4-statement-from-the-national-public-health-emergency-team-on-sunday-2/
2020-03-22,txt_cases,906.0,https://www.gov.ie/en/press-release/a01ff4-statement-from-the-national-public-health-emergency-team-on-sunday-2/
2020-03-22,txt_deaths,4.0,https://www.gov.ie/en/press-release/a01ff4-statement-from-the-national-public-health-emergency-team-on-sunday-2/
2020-03-22,txt_new_cases,121.0,https://www.gov.ie/en/press-release/a01ff4-statement-from-the-national-public-health-emergency-team-on-sunday-2/
2020-03-22,txt_cases_median_age,44.0,https://www.gov.ie/en/press-release/a01ff4-statement-from-the-national-public-health-emergency-team-on-sunday-2/
2020-03-22,txt_cases_hospitalised,211.0,https://www.gov.ie/en/press-release/a01ff4-statement-from-the-national-public-health-emergency-team-on-sunday-2/
2020-03-22,txt_cases_healthcare_workers,159.0,https://www.gov.ie/en/press-release/a01ff4-statement-from-the-national-public-health-emergency-team-on-sunday-2/
2020-03-22,txt_cases_hospitalised_pct,0.3,https://www.gov.ie/en/press-release/a01ff4-statement-from-the-national-public-health-emergency-team-on-sunday-2/
2020-03-22,txt_female_pct,0.44,https://www.gov.ie/en/press-release/a01ff4-statement-from-the-national-public-health-emergency-team-on-sunday-2/
2020-03-22,txt_clusters,35.0,https://www.gov.ie/en/press-release/a01ff4-statement-from-the-national-public-health-emergency-team-on-sunday-2/
2020-03-22,txt_cases_cork_pct,0.14,https://www.gov.ie/en/press-release/a01ff4-statement-from-the-national-public-health-emergency-team-on-sunday-2/
2020-03-22,txt_cases_cork,101.0,https://www.gov.ie/en/press-release/a01ff4-statement-from-the-national-public-health-emergency-team-on-sunday-2/
2020-03-22,txt_cases_healthcare_workers_pct,0.22,https://www.gov.ie/en/press-release/a01ff4-statement-from-the-national-public-health-emergency-team-on-sunday-2/
2020-03-22,txt_cases_dublin,402.0,https://www.gov.ie/en/press-release/a01ff4-statement-from-the-national-public-health-emergency-team-on-sunday-2/
2020-03-22,txt_clusters_cases,190.0,https://www.gov.ie/en/press-release/a01ff4-statement-from-the-national-public-health-emergency-team-on-sunday-2/
2020-03-22,txt_male_pct,0.55,https://www.gov.ie/en/press-release/a01ff4-statement-from-the-national-public-health-emergency-team-on-sunday-2/
2020-03-22,txt_cases_dublin_pct,0.56,https://www.gov.ie/en/press-release/a01ff4-statement-from-the-national-public-health-emergency-team-on-sunday-2/
2020-03-23,txt_cases_admitted_icu,25.0,https://www.gov.ie/en/press-release/510383-statement-from-the-national-public-health-emergency-team-on-monday-2/
2020-03-23,txt_cases,1125.0,https://www.gov.ie/en/press-release/510383-statement-from-the-national-public-health-emergency-team-on-monday-2/
2020-03-23,txt_deaths,6.0,https://www.gov.ie/en/press-release/510383-statement-from-the-national-public-health-emergency-team-on-monday-2/
2020-03-23,txt_new_cases,219.0,https://www.gov.ie/en/press-release/510383-statement-from-the-national-public-health-emergency-team-on-monday-2/
2020-03-23,txt_new_deaths,2.0,https://www.gov.ie/en/press-release/510383-statement-from-the-national-public-health-emergency-team-on-monday-2/
2020-03-23,txt_cases_median_age,44.0,https://www.gov.ie/en/press-release/510383-statement-from-the-national-public-health-emergency-team-on-monday-2/
2020-03-23,txt_cases_hospitalised,239.0,https://www.gov.ie/en/press-release/510383-statement-from-the-national-public-health-emergency-team-on-monday-2/
2020-03-23,txt_cases_hospitalised_pct,0.29,https://www.gov.ie/en/press-release/510383-statement-from-the-national-public-health-emergency-team-on-monday-2/
2020-03-23,txt_cases_healthcare_workers,208.0,https://www.gov.ie/en/press-release/510383-statement-from-the-national-public-health-emergency-team-on-monday-2/
2020-03-23,txt_cases_healthcare_workers_pct,0.25,https://www.gov.ie/en/press-release/510383-statement-from-the-national-public-health-emergency-team-on-monday-2/
2020-03-23,txt_clusters_cases,210.0,https://www.gov.ie/en/press-release/510383-statement-from-the-national-public-health-emergency-team-on-monday-2/
2020-03-23,txt_male_pct,0.55,https://www.gov.ie/en/press-release/510383-statement-from-the-national-public-health-emergency-team-on-monday-2/
2020-03-23,txt_community_transmission_pct,0.45,https://www.gov.ie/en/press-release/510383-statement-from-the-national-public-health-emergency-team-on-monday-2/
2020-03-23,txt_close_contact_pct,0.23,https://www.gov.ie/en/press-release/510383-statement-from-the-national-public-health-emergency-team-on-monday-2/
2020-03-23,txt_travel_abroad_pct,0.31,https://www.gov.ie/en/press-release/510383-statement-from-the-national-public-health-emergency-team-on-monday-2/
2020-03-23,txt_cases_dublin,471.0,https://www.gov.ie/en/press-release/510383-statement-from-the-national-public-health-emergency-team-on-monday-2/
2020-03-23,txt_cases_dublin_pct,0.56,https://www.gov.ie/en/press-release/510383-statement-from-the-national-public-health-emergency-team-on-monday-2/
2020-03-23,txt_cases_cork,104.0,https://www.gov.ie/en/press-release/510383-statement-from-the-national-public-health-emergency-team-on-monday-2/
2020-03-23,txt_cases_cork_pct,0.12,https://www.gov.ie/en/press-release/510383-statement-from-the-national-public-health-emergency-team-on-monday-2/
2020-03-23,txt_clusters,37.0,https://www.gov.ie/en/press-release/510383-statement-from-the-national-public-health-emergency-team-on-monday-2/
2020-03-23,txt_female_pct,0.44,https://www.gov.ie/en/press-release/510383-statement-from-the-national-public-health-emergency-team-on-monday-2/
2020-03-24,txt_cases_admitted_icu,36.0,https://www.gov.ie/en/press-release/e378fd-statement-from-the-national-public-health-emergency-team-on-tuesday-/
2020-03-24,txt_cases_hospitalised_pct,0.29,https://www.gov.ie/en/press-release/e378fd-statement-from-the-national-public-health-emergency-team-on-tuesday-/
2020-03-24,txt_cases_hospitalised,277.0,https://www.gov.ie/en/press-release/e378fd-statement-from-the-national-public-health-emergency-team-on-tuesday-/
2020-03-24,txt_cases_median_age,45.0,https://www.gov.ie/en/press-release/e378fd-statement-from-the-national-public-health-emergency-team-on-tuesday-/
2020-03-24,txt_cases_healthcare_workers,247.0,https://www.gov.ie/en/press-release/e378fd-statement-from-the-national-public-health-emergency-team-on-tuesday-/
2020-03-24,txt_new_cases,204.0,https://www.gov.ie/en/press-release/e378fd-statement-from-the-national-public-health-emergency-team-on-tuesday-/
2020-03-24,txt_deaths,7.0,https://www.gov.ie/en/press-release/e378fd-statement-from-the-national-public-health-emergency-team-on-tuesday-/
2020-03-24,txt_cases,1329.0,https://www.gov.ie/en/press-release/e378fd-statement-from-the-national-public-health-emergency-team-on-tuesday-/
2020-03-24,txt_tests,17992.0,https://www.gov.ie/en/press-release/e378fd-statement-from-the-national-public-health-emergency-team-on-tuesday-/
2020-03-24,txt_cases_healthcare_workers_pct,0.26,https://www.gov.ie/en/press-release/e378fd-statement-from-the-national-public-health-emergency-team-on-tuesday-/
2020-03-24,txt_clusters_cases,243.0,https://www.gov.ie/en/press-release/e378fd-statement-from-the-national-public-health-emergency-team-on-tuesday-/
2020-03-24,txt_male_pct,0.55,https://www.gov.ie/en/press-release/e378fd-statement-from-the-national-public-health-emergency-team-on-tuesday-/
2020-03-24,txt_community_transmission_pct,0.47,https://www.gov.ie/en/press-release/e378fd-statement-from-the-national-public-health-emergency-team-on-tuesday-/
2020-03-24,txt_close_contact_pct,0.23,https://www.gov.ie/en/press-release/e378fd-statement-from-the-national-public-health-emergency-team-on-tuesday-/
2020-03-24,txt_travel_abroad_pct,0.31,https://www.gov.ie/en/press-release/e378fd-statement-from-the-national-public-health-emergency-team-on-tuesday-/
2020-03-24,txt_cases_dublin,535.0,https://www.gov.ie/en/press-release/e378fd-statement-from-the-national-public-health-emergency-team-on-tuesday-/
2020-03-24,txt_cases_dublin_pct,0.55,https://www.gov.ie/en/press-release/e378fd-statement-from-the-national-public-health-emergency-team-on-tuesday-/
2020-03-24,txt_cases_cork,123.0,https://www.gov.ie/en/press-release/e378fd-statement-from-the-national-public-health-emergency-team-on-tuesday-/
2020-03-24,txt_cases_cork_pct,0.13,https://www.gov.ie/en/press-release/e378fd-statement-from-the-national-public-health-emergency-team-on-tuesday-/
2020-03-24,txt_clusters,44.0,https://www.gov.ie/en/press-release/e378fd-statement-from-the-national-public-health-emergency-team-on-tuesday-/
2020-03-24,txt_female_pct,0.45,https://www.gov.ie/en/press-release/e378fd-statement-from-the-national-public-health-emergency-team-on-tuesday-/
2020-03-25,txt_cases_healthcare_workers,283.0,https://www.gov.ie/en/press-release/45aa11-statement-from-the-national-public-health-emergency-team-wednesday-2/
2020-03-25,txt_cases_admitted_icu,39.0,https://www.gov.ie/en/press-release/45aa11-statement-from-the-national-public-health-emergency-team-wednesday-2/
2020-03-25,txt_cases_hospitalised_pct,0.26,https://www.gov.ie/en/press-release/45aa11-statement-from-the-national-public-health-emergency-team-wednesday-2/
2020-03-25,txt_cases,1564.0,https://www.gov.ie/en/press-release/45aa11-statement-from-the-national-public-health-emergency-team-wednesday-2/
2020-03-25,txt_cases_healthcare_workers_pct,0.24,https://www.gov.ie/en/press-release/45aa11-statement-from-the-national-public-health-emergency-team-wednesday-2/
2020-03-25,txt_new_cases,235.0,https://www.gov.ie/en/press-release/45aa11-statement-from-the-national-public-health-emergency-team-wednesday-2/
2020-03-25,txt_deaths,9.0,https://www.gov.ie/en/press-release/45aa11-statement-from-the-national-public-health-emergency-team-wednesday-2/
2020-03-25,txt_cases_hospitalised,305.0,https://www.gov.ie/en/press-release/45aa11-statement-from-the-national-public-health-emergency-team-wednesday-2/
2020-03-25,txt_female_pct,0.45,https://www.gov.ie/en/press-release/45aa11-statement-from-the-national-public-health-emergency-team-wednesday-2/
2020-03-25,txt_new_deaths,2.0,https://www.gov.ie/en/press-release/45aa11-statement-from-the-national-public-health-emergency-team-wednesday-2/
2020-03-25,txt_community_transmission_pct,0.49,https://www.gov.ie/en/press-release/45aa11-statement-from-the-national-public-health-emergency-team-wednesday-2/
2020-03-25,txt_male_pct,0.55,https://www.gov.ie/en/press-release/45aa11-statement-from-the-national-public-health-emergency-team-wednesday-2/
2020-03-25,txt_clusters_cases,289.0,https://www.gov.ie/en/press-release/45aa11-statement-from-the-national-public-health-emergency-team-wednesday-2/
2020-03-25,txt_clusters,63.0,https://www.gov.ie/en/press-release/45aa11-statement-from-the-national-public-health-emergency-team-wednesday-2/
2020-03-25,txt_cases_cork_pct,0.11,https://www.gov.ie/en/press-release/45aa11-statement-from-the-national-public-health-emergency-team-wednesday-2/
2020-03-25,txt_cases_cork,133.0,https://www.gov.ie/en/press-release/45aa11-statement-from-the-national-public-health-emergency-team-wednesday-2/
2020-03-25,txt_cases_median_age,45.0,https://www.gov.ie/en/press-release/45aa11-statement-from-the-national-public-health-emergency-team-wednesday-2/
2020-03-25,txt_cases_dublin_pct,0.57,https://www.gov.ie/en/press-release/45aa11-statement-from-the-national-public-health-emergency-team-wednesday-2/
2020-03-25,txt_cases_dublin,559.0,https://www.gov.ie/en/press-release/45aa11-statement-from-the-national-public-health-emergency-team-wednesday-2/
2020-03-25,txt_travel_abroad_pct,0.28,https://www.gov.ie/en/press-release/45aa11-statement-from-the-national-public-health-emergency-team-wednesday-2/
2020-03-25,txt_close_contact_pct,0.23,https://www.gov.ie/en/press-release/45aa11-statement-from-the-national-public-health-emergency-team-wednesday-2/
2020-03-26,txt_cases,1819.0,https://www.gov.ie/en/press-release/0cbb04-statement-from-the-national-public-health-emergency-team-thursday-26/
2020-03-26,txt_deaths,19.0,https://www.gov.ie/en/press-release/0cbb04-statement-from-the-national-public-health-emergency-team-thursday-26/
2020-03-26,txt_new_cases,255.0,https://www.gov.ie/en/press-release/0cbb04-statement-from-the-national-public-health-emergency-team-thursday-26/
2020-03-26,txt_new_deaths,10.0,https://www.gov.ie/en/press-release/0cbb04-statement-from-the-national-public-health-emergency-team-thursday-26/
2020-03-26,txt_cases_median_age,46.0,https://www.gov.ie/en/press-release/0cbb04-statement-from-the-national-public-health-emergency-team-thursday-26/
2020-03-26,txt_cases_hospitalised,40.0,https://www.gov.ie/en/press-release/0cbb04-statement-from-the-national-public-health-emergency-team-thursday-26/
2020-03-26,txt_cases_hospitalised_pct,0.25,https://www.gov.ie/en/press-release/0cbb04-statement-from-the-national-public-health-emergency-team-thursday-26/
2020-03-26,txt_cases_healthcare_workers,321.0,https://www.gov.ie/en/press-release/0cbb04-statement-from-the-national-public-health-emergency-team-thursday-26/
2020-03-26,txt_cases_healthcare_workers_pct,0.23,https://www.gov.ie/en/press-release/0cbb04-statement-from-the-national-public-health-emergency-team-thursday-26/
2020-03-26,txt_female_pct,0.32,https://www.gov.ie/en/press-release/0cbb04-statement-from-the-national-public-health-emergency-team-thursday-26/
2020-03-26,txt_cases_admitted_icu,47.0,https://www.gov.ie/en/press-release/0cbb04-statement-from-the-national-public-health-emergency-team-thursday-26/
2020-03-26,txt_community_transmission_pct,0.51,https://www.gov.ie/en/press-release/0cbb04-statement-from-the-national-public-health-emergency-team-thursday-26/
2020-03-26,txt_male_pct,0.68,https://www.gov.ie/en/press-release/0cbb04-statement-from-the-national-public-health-emergency-team-thursday-26/
2020-03-26,txt_new_deaths_east,9.0,https://www.gov.ie/en/press-release/0cbb04-statement-from-the-national-public-health-emergency-team-thursday-26/
2020-03-26,txt_clusters_cases,295.0,https://www.gov.ie/en/press-release/0cbb04-statement-from-the-national-public-health-emergency-team-thursday-26/
2020-03-26,txt_clusters,66.0,https://www.gov.ie/en/press-release/0cbb04-statement-from-the-national-public-health-emergency-team-thursday-26/
2020-03-26,txt_cases_cork_pct,0.11,https://www.gov.ie/en/press-release/0cbb04-statement-from-the-national-public-health-emergency-team-thursday-26/
2020-03-26,txt_new_deaths_south,1.0,https://www.gov.ie/en/press-release/0cbb04-statement-from-the-national-public-health-emergency-team-thursday-26/
2020-03-26,txt_cases_dublin_pct,0.56,https://www.gov.ie/en/press-release/0cbb04-statement-from-the-national-public-health-emergency-team-thursday-26/
2020-03-26,txt_cases_dublin,774.0,https://www.gov.ie/en/press-release/0cbb04-statement-from-the-national-public-health-emergency-team-thursday-26/
2020-03-26,txt_travel_abroad_pct,0.27,https://www.gov.ie/en/press-release/0cbb04-statement-from-the-national-public-health-emergency-team-thursday-26/
2020-03-26,txt_close_contact_pct,0.22,https://www.gov.ie/en/press-release/0cbb04-statement-from-the-national-public-health-emergency-team-thursday-26/
2020-03-26,txt_cases_cork,154.0,https://www.gov.ie/en/press-release/0cbb04-statement-from-the-national-public-health-emergency-team-thursday-26/
2020-03-27,txt_cases_healthcare_workers_pct,0.23,https://www.gov.ie/en/press-release/176fec-statement-from-the-national-public-health-emergency-team-26-march-20/
2020-03-27,txt_cases,2121.0,https://www.gov.ie/en/press-release/176fec-statement-from-the-national-public-health-emergency-team-26-march-20/
2020-03-27,txt_deaths,22.0,https://www.gov.ie/en/press-release/176fec-statement-from-the-national-public-health-emergency-team-26-march-20/
2020-03-27,txt_new_cases,302.0,https://www.gov.ie/en/press-release/176fec-statement-from-the-national-public-health-emergency-team-26-march-20/
2020-03-27,txt_new_deaths,3.0,https://www.gov.ie/en/press-release/176fec-statement-from-the-national-public-health-emergency-team-26-march-20/
2020-03-27,txt_cases_median_age,46.0,https://www.gov.ie/en/press-release/176fec-statement-from-the-national-public-health-emergency-team-26-march-20/
2020-03-27,txt_cases_hospitalised,419.0,https://www.gov.ie/en/press-release/176fec-statement-from-the-national-public-health-emergency-team-26-march-20/
2020-03-27,txt_cases_hospitalised_pct,0.26,https://www.gov.ie/en/press-release/176fec-statement-from-the-national-public-health-emergency-team-26-march-20/
2020-03-27,txt_cases_admitted_icu,59.0,https://www.gov.ie/en/press-release/176fec-statement-from-the-national-public-health-emergency-team-26-march-20/
2020-03-27,txt_cases_healthcare_workers,375.0,https://www.gov.ie/en/press-release/176fec-statement-from-the-national-public-health-emergency-team-26-march-20/
2020-03-27,txt_female_pct,0.46,https://www.gov.ie/en/press-release/176fec-statement-from-the-national-public-health-emergency-team-26-march-20/
2020-03-27,txt_clusters,79.0,https://www.gov.ie/en/press-release/176fec-statement-from-the-national-public-health-emergency-team-26-march-20/
2020-03-27,txt_community_transmission_pct,0.52,https://www.gov.ie/en/press-release/176fec-statement-from-the-national-public-health-emergency-team-26-march-20/
2020-03-27,txt_close_contact_pct,0.22,https://www.gov.ie/en/press-release/176fec-statement-from-the-national-public-health-emergency-team-26-march-20/
2020-03-27,txt_travel_abroad_pct,0.26,https://www.gov.ie/en/press-release/176fec-statement-from-the-national-public-health-emergency-team-26-march-20/
2020-03-27,txt_cases_dublin,922.0,https://www.gov.ie/en/press-release/176fec-statement-from-the-national-public-health-emergency-team-26-march-20/
2020-03-27,txt_cases_dublin_pct,0.56,https://www.gov.ie/en/press-release/176fec-statement-from-the-national-public-health-emergency-team-26-march-20/
2020-03-27,txt_cases_cork,171.0,https://www.gov.ie/en/press-release/176fec-statement-from-the-national-public-health-emergency-team-26-march-20/
2020-03-27,txt_cases_cork_pct,0.1,https://www.gov.ie/en/press-release/176fec-statement-from-the-national-public-health-emergency-team-26-march-20/
2020-03-27,txt_new_deaths_east,2.0,https://www.gov.ie/en/press-release/176fec-statement-from-the-national-public-health-emergency-team-26-march-20/
2020-03-27,txt_clusters_cases,317.0,https://www.gov.ie/en/press-release/176fec-statement-from-the-national-public-health-emergency-team-26-march-20/
2020-03-27,txt_new_deaths_northwest,1.0,https://www.gov.ie/en/press-release/176fec-statement-from-the-national-public-health-emergency-team-26-march-20/
2020-03-27,txt_male_pct,0.54,https://www.gov.ie/en/press-release/176fec-statement-from-the-national-public-health-emergency-team-26-march-20/
2020-03-28,txt_cases_hospitalised_pct,0.26,https://www.gov.ie/en/press-release/f87602-statement-from-the-national-public-health-emergency-team-saturday-28/
2020-03-28,txt_cases_hospitalised,489.0,https://www.gov.ie/en/press-release/f87602-statement-from-the-national-public-health-emergency-team-saturday-28/
2020-03-28,txt_cases_median_age,46.0,https://www.gov.ie/en/press-release/f87602-statement-from-the-national-public-health-emergency-team-saturday-28/
2020-03-28,txt_cases,2415.0,https://www.gov.ie/en/press-release/f87602-statement-from-the-national-public-health-emergency-team-saturday-28/
2020-03-28,txt_new_deaths,14.0,https://www.gov.ie/en/press-release/f87602-statement-from-the-national-public-health-emergency-team-saturday-28/
2020-03-28,txt_new_cases,294.0,https://www.gov.ie/en/press-release/f87602-statement-from-the-national-public-health-emergency-team-saturday-28/
2020-03-28,txt_deaths,36.0,https://www.gov.ie/en/press-release/f87602-statement-from-the-national-public-health-emergency-team-saturday-28/
2020-03-28,txt_cases_admitted_icu,67.0,https://www.gov.ie/en/press-release/f87602-statement-from-the-national-public-health-emergency-team-saturday-28/
2020-03-28,txt_new_deaths_median_age,81.0,https://www.gov.ie/en/press-release/f87602-statement-from-the-national-public-health-emergency-team-saturday-28/
2020-03-28,txt_female_pct,0.46,https://www.gov.ie/en/press-release/f87602-statement-from-the-national-public-health-emergency-team-saturday-28/
2020-03-28,txt_cases_healthcare_workers,445.0,https://www.gov.ie/en/press-release/f87602-statement-from-the-national-public-health-emergency-team-saturday-28/
2020-03-28,txt_close_contact_pct,0.23,https://www.gov.ie/en/press-release/f87602-statement-from-the-national-public-health-emergency-team-saturday-28/
2020-03-28,txt_community_transmission_pct,0.52,https://www.gov.ie/en/press-release/f87602-statement-from-the-national-public-health-emergency-team-saturday-28/
2020-03-28,txt_travel_abroad_pct,0.25,https://www.gov.ie/en/press-release/f87602-statement-from-the-national-public-health-emergency-team-saturday-28/
2020-03-28,txt_cases_dublin,1070.0,https://www.gov.ie/en/press-release/f87602-statement-from-the-national-public-health-emergency-team-saturday-28/
2020-03-28,txt_cases_dublin_pct,0.56,https://www.gov.ie/en/press-release/f87602-statement-from-the-national-public-health-emergency-team-saturday-28/
2020-03-28,txt_cases_cork,184.0,https://www.gov.ie/en/press-release/f87602-statement-from-the-national-public-health-emergency-team-saturday-28/
2020-03-28,txt_cases_cork_pct,0.1,https://www.gov.ie/en/press-release/f87602-statement-from-the-national-public-health-emergency-team-saturday-28/
2020-03-28,txt_clusters,91.0,https://www.gov.ie/en/press-release/f87602-statement-from-the-national-public-health-emergency-team-saturday-28/
2020-03-28,txt_clusters_cases,351.0,https://www.gov.ie/en/press-release/f87602-statement-from-the-national-public-health-emergency-team-saturday-28/
2020-03-28,txt_new_deaths_east,14.0,https://www.gov.ie/en/press-release/f87602-statement-from-the-national-public-health-emergency-team-saturday-28/
2020-03-28,txt_male_pct,0.53,https://www.gov.ie/en/press-release/f87602-statement-from-the-national-public-health-emergency-team-saturday-28/
2020-03-29,txt_cases_healthcare_workers,506.0,https://www.gov.ie/en/press-release/1ca282-statement-from-the-national-public-health-emergency-team-sunday-28-m/
2020-03-29,txt_cases_admitted_icu,77.0,https://www.gov.ie/en/press-release/1ca282-statement-from-the-national-public-health-emergency-team-sunday-28-m/
2020-03-29,txt_cases_hospitalised_pct,0.26,https://www.gov.ie/en/press-release/1ca282-statement-from-the-national-public-health-emergency-team-sunday-28-m/
2020-03-29,txt_cases_hospitalised,564.0,https://www.gov.ie/en/press-release/1ca282-statement-from-the-national-public-health-emergency-team-sunday-28-m/
2020-03-29,txt_cases,2615.0,https://www.gov.ie/en/press-release/1ca282-statement-from-the-national-public-health-emergency-team-sunday-28-m/
2020-03-29,txt_new_deaths_median_age,77.0,https://www.gov.ie/en/press-release/1ca282-statement-from-the-national-public-health-emergency-team-sunday-28-m/
2020-03-29,txt_new_cases,200.0,https://www.gov.ie/en/press-release/1ca282-statement-from-the-national-public-health-emergency-team-sunday-28-m/
2020-03-29,txt_deaths,46.0,https://www.gov.ie/en/press-release/1ca282-statement-from-the-national-public-health-emergency-team-sunday-28-m/
2020-03-29,txt_female_pct,0.48,https://www.gov.ie/en/press-release/1ca282-statement-from-the-national-public-health-emergency-team-sunday-28-m/
2020-03-29,txt_cases_median_age,47.0,https://www.gov.ie/en/press-release/1ca282-statement-from-the-national-public-health-emergency-team-sunday-28-m/
2020-03-29,txt_male_pct,0.51,https://www.gov.ie/en/press-release/1ca282-statement-from-the-national-public-health-emergency-team-sunday-28-m/
2020-03-29,txt_new_deaths,10.0,https://www.gov.ie/en/press-release/1ca282-statement-from-the-national-public-health-emergency-team-sunday-28-m/
2020-03-29,txt_close_contact_pct,0.24,https://www.gov.ie/en/press-release/1ca282-statement-from-the-national-public-health-emergency-team-sunday-28-m/
2020-03-29,txt_travel_abroad_pct,0.25,https://www.gov.ie/en/press-release/1ca282-statement-from-the-national-public-health-emergency-team-sunday-28-m/
2020-03-29,txt_cases_dublin,1233.0,https://www.gov.ie/en/press-release/1ca282-statement-from-the-national-public-health-emergency-team-sunday-28-m/
2020-03-29,txt_cases_dublin_pct,0.56,https://www.gov.ie/en/press-release/1ca282-statement-from-the-national-public-health-emergency-team-sunday-28-m/
2020-03-29,txt_cases_cork,208.0,https://www.gov.ie/en/press-release/1ca282-statement-from-the-national-public-health-emergency-team-sunday-28-m/
2020-03-29,txt_cases_cork_pct,0.09,https://www.gov.ie/en/press-release/1ca282-statement-from-the-national-public-health-emergency-team-sunday-28-m/
2020-03-29,txt_clusters,103.0,https://www.gov.ie/en/press-release/1ca282-statement-from-the-national-public-health-emergency-team-sunday-28-m/
2020-03-29,txt_clusters_cases,379.0,https://www.gov.ie/en/press-release/1ca282-statement-from-the-national-public-health-emergency-team-sunday-28-m/
2020-03-29,txt_new_deaths_east,6.0,https://www.gov.ie/en/press-release/1ca282-statement-from-the-national-public-health-emergency-team-sunday-28-m/
2020-03-29,txt_new_deaths_northwest,3.0,https://www.gov.ie/en/press-release/1ca282-statement-from-the-national-public-health-emergency-team-sunday-28-m/
2020-03-29,txt_new_deaths_south,1.0,https://www.gov.ie/en/press-release/1ca282-statement-from-the-national-public-health-emergency-team-sunday-28-m/
2020-03-29,txt_community_transmission_pct,0.51,https://www.gov.ie/en/press-release/1ca282-statement-from-the-national-public-health-emergency-team-sunday-28-m/
2020-03-30,txt_female_pct,0.49,https://www.gov.ie/en/press-release/d0cf73-statement-from-the-national-public-health-emergency-team-monday-30-m/
2020-03-30,txt_cases_healthcare_workers_pct,0.23,https://www.gov.ie/en/press-release/d0cf73-statement-from-the-national-public-health-emergency-team-monday-30-m/
2020-03-30,txt_cases_healthcare_workers,578.0,https://www.gov.ie/en/press-release/d0cf73-statement-from-the-national-public-health-emergency-team-monday-30-m/
2020-03-30,txt_cases_admitted_icu,84.0,https://www.gov.ie/en/press-release/d0cf73-statement-from-the-national-public-health-emergency-team-monday-30-m/
2020-03-30,txt_new_cases,295.0,https://www.gov.ie/en/press-release/d0cf73-statement-from-the-national-public-health-emergency-team-monday-30-m/
2020-03-30,txt_cases_hospitalised,645.0,https://www.gov.ie/en/press-release/d0cf73-statement-from-the-national-public-health-emergency-team-monday-30-m/
2020-03-30,txt_cases_median_age,47.0,https://www.gov.ie/en/press-release/d0cf73-statement-from-the-national-public-health-emergency-team-monday-30-m/
2020-03-30,txt_new_deaths_median_age,86.0,https://www.gov.ie/en/press-release/d0cf73-statement-from-the-national-public-health-emergency-team-monday-30-m/
2020-03-30,txt_new_deaths,8.0,https://www.gov.ie/en/press-release/d0cf73-statement-from-the-national-public-health-emergency-team-monday-30-m/
2020-03-30,txt_male_pct,0.5,https://www.gov.ie/en/press-release/d0cf73-statement-from-the-national-public-health-emergency-team-monday-30-m/
2020-03-30,txt_cases_hospitalised_pct,0.26,https://www.gov.ie/en/press-release/d0cf73-statement-from-the-national-public-health-emergency-team-monday-30-m/
2020-03-30,txt_community_transmission_pct,0.5,https://www.gov.ie/en/press-release/d0cf73-statement-from-the-national-public-health-emergency-team-monday-30-m/
2020-03-30,txt_cases_cork_pct,0.09,https://www.gov.ie/en/press-release/d0cf73-statement-from-the-national-public-health-emergency-team-monday-30-m/
2020-03-30,txt_travel_abroad_pct,0.23,https://www.gov.ie/en/press-release/d0cf73-statement-from-the-national-public-health-emergency-team-monday-30-m/
2020-03-30,txt_cases_dublin,1393.0,https://www.gov.ie/en/press-release/d0cf73-statement-from-the-national-public-health-emergency-team-monday-30-m/
2020-03-30,txt_cases_dublin_pct,0.56,https://www.gov.ie/en/press-release/d0cf73-statement-from-the-national-public-health-emergency-team-monday-30-m/
2020-03-30,txt_cases_cork,217.0,https://www.gov.ie/en/press-release/d0cf73-statement-from-the-national-public-health-emergency-team-monday-30-m/
2020-03-30,txt_clusters,111.0,https://www.gov.ie/en/press-release/d0cf73-statement-from-the-national-public-health-emergency-team-monday-30-m/
2020-03-30,txt_clusters_cases,428.0,https://www.gov.ie/en/press-release/d0cf73-statement-from-the-national-public-health-emergency-team-monday-30-m/
2020-03-30,txt_new_deaths_east,6.0,https://www.gov.ie/en/press-release/d0cf73-statement-from-the-national-public-health-emergency-team-monday-30-m/
2020-03-30,txt_new_deaths_south,1.0,https://www.gov.ie/en/press-release/d0cf73-statement-from-the-national-public-health-emergency-team-monday-30-m/
2020-03-30,txt_new_deaths_west,1.0,https://www.gov.ie/en/press-release/d0cf73-statement-from-the-national-public-health-emergency-team-monday-30-m/
2020-03-30,txt_new_deaths_underlying,6.0,https://www.gov.ie/en/press-release/d0cf73-statement-from-the-national-public-health-emergency-team-monday-30-m/
2020-03-30,txt_new_deaths_females,5.0,https://www.gov.ie/en/press-release/d0cf73-statement-from-the-national-public-health-emergency-team-monday-30-m/
2020-03-30,txt_new_deaths_males,3.0,https://www.gov.ie/en/press-release/d0cf73-statement-from-the-national-public-health-emergency-team-monday-30-m/
2020-03-30,txt_close_contact_pct,0.27,https://www.gov.ie/en/press-release/d0cf73-statement-from-the-national-public-health-emergency-team-monday-30-m/
2020-03-30,txt_deaths,54.0,https://www.gov.ie/en/press-release/d0cf73-statement-from-the-national-public-health-emergency-team-monday-30-m/
2020-03-30,txt_cases,2910.0,https://www.gov.ie/en/press-release/d0cf73-statement-from-the-national-public-health-emergency-team-monday-30-m/
2020-03-31,txt_new_deaths_females,4.0,https://www.gov.ie/en/press-release/5ac125-statement-from-the-national-public-health-emergency-team-31-march-20/
2020-03-31,txt_new_deaths_males,13.0,https://www.gov.ie/en/press-release/5ac125-statement-from-the-national-public-health-emergency-team-31-march-20/
2020-03-31,txt_cases,3235.0,https://www.gov.ie/en/press-release/5ac125-statement-from-the-national-public-health-emergency-team-31-march-20/
2020-03-31,txt_deaths,71.0,https://www.gov.ie/en/press-release/5ac125-statement-from-the-national-public-health-emergency-team-31-march-20/
2020-03-31,txt_new_cases,325.0,https://www.gov.ie/en/press-release/5ac125-statement-from-the-national-public-health-emergency-team-31-march-20/
2020-03-31,txt_tests,30213.0,https://www.gov.ie/en/press-release/5ac125-statement-from-the-national-public-health-emergency-team-31-march-20/
2020-03-31,txt_new_deaths,17.0,https://www.gov.ie/en/press-release/5ac125-statement-from-the-national-public-health-emergency-team-31-march-20/
2020-03-31,txt_new_deaths_median_age,84.0,https://www.gov.ie/en/press-release/5ac125-statement-from-the-national-public-health-emergency-team-31-march-20/
2020-03-31,txt_cases_hospitalised,703.0,https://www.gov.ie/en/press-release/5ac125-statement-from-the-national-public-health-emergency-team-31-march-20/
2020-03-31,txt_cases_hospitalised_pct,0.26,https://www.gov.ie/en/press-release/5ac125-statement-from-the-national-public-health-emergency-team-31-march-20/
2020-03-31,txt_cases_admitted_icu,113.0,https://www.gov.ie/en/press-release/5ac125-statement-from-the-national-public-health-emergency-team-31-march-20/
2020-03-31,txt_cases_healthcare_workers,647.0,https://www.gov.ie/en/press-release/5ac125-statement-from-the-national-public-health-emergency-team-31-march-20/
2020-03-31,txt_female_pct,0.49,https://www.gov.ie/en/press-release/5ac125-statement-from-the-national-public-health-emergency-team-31-march-20/
2020-03-31,txt_cases_median_age,47.0,https://www.gov.ie/en/press-release/5ac125-statement-from-the-national-public-health-emergency-team-31-march-20/
2020-03-31,txt_community_transmission_pct,0.51,https://www.gov.ie/en/press-release/5ac125-statement-from-the-national-public-health-emergency-team-31-march-20/
2020-03-31,txt_male_pct,0.49,https://www.gov.ie/en/press-release/5ac125-statement-from-the-national-public-health-emergency-team-31-march-20/
2020-03-31,txt_new_deaths_south,3.0,https://www.gov.ie/en/press-release/5ac125-statement-from-the-national-public-health-emergency-team-31-march-20/
2020-03-31,txt_new_deaths_east,8.0,https://www.gov.ie/en/press-release/5ac125-statement-from-the-national-public-health-emergency-team-31-march-20/
2020-03-31,txt_clusters_cases,494.0,https://www.gov.ie/en/press-release/5ac125-statement-from-the-national-public-health-emergency-team-31-march-20/
2020-03-31,txt_clusters,118.0,https://www.gov.ie/en/press-release/5ac125-statement-from-the-national-public-health-emergency-team-31-march-20/
2020-03-31,txt_cases_cork_pct,0.09,https://www.gov.ie/en/press-release/5ac125-statement-from-the-national-public-health-emergency-team-31-march-20/
2020-03-31,txt_new_deaths_underlying,8.0,https://www.gov.ie/en/press-release/5ac125-statement-from-the-national-public-health-emergency-team-31-march-20/
2020-03-31,txt_cases_dublin_pct,0.55,https://www.gov.ie/en/press-release/5ac125-statement-from-the-national-public-health-emergency-team-31-march-20/
2020-03-31,txt_cases_dublin,1487.0,https://www.gov.ie/en/press-release/5ac125-statement-from-the-national-public-health-emergency-team-31-march-20/
2020-03-31,txt_travel_abroad_pct,0.23,https://www.gov.ie/en/press-release/5ac125-statement-from-the-national-public-health-emergency-team-31-march-20/
2020-03-31,txt_close_contact_pct,0.26,https://www.gov.ie/en/press-release/5ac125-statement-from-the-national-public-health-emergency-team-31-march-20/
2020-03-31,txt_cases_cork,238.0,https://www.gov.ie/en/press-release/5ac125-statement-from-the-national-public-health-emergency-team-31-march-20/
2020-04-01,txt_male_pct,0.48,https://www.gov.ie/en/press-release/22be5d-statement-from-the-national-public-health-emergency-team-1-april/
2020-04-01,txt_female_pct,0.5,https://www.gov.ie/en/press-release/22be5d-statement-from-the-national-public-health-emergency-team-1-april/
2020-04-01,txt_cases_healthcare_workers_pct,0.25,https://www.gov.ie/en/press-release/22be5d-statement-from-the-national-public-health-emergency-team-1-april/
2020-04-01,txt_cases_healthcare_workers,752.0,https://www.gov.ie/en/press-release/22be5d-statement-from-the-national-public-health-emergency-team-1-april/
2020-04-01,txt_cases_admitted_icu,126.0,https://www.gov.ie/en/press-release/22be5d-statement-from-the-national-public-health-emergency-team-1-april/
2020-04-01,txt_cases_hospitalised_pct,0.28,https://www.gov.ie/en/press-release/22be5d-statement-from-the-national-public-health-emergency-team-1-april/
2020-04-01,txt_new_deaths,14.0,https://www.gov.ie/en/press-release/22be5d-statement-from-the-national-public-health-emergency-team-1-april/
2020-04-01,txt_cases_median_age,48.0,https://www.gov.ie/en/press-release/22be5d-statement-from-the-national-public-health-emergency-team-1-april/
2020-04-01,txt_new_cases,212.0,https://www.gov.ie/en/press-release/22be5d-statement-from-the-national-public-health-emergency-team-1-april/
2020-04-01,txt_deaths,85.0,https://www.gov.ie/en/press-release/22be5d-statement-from-the-national-public-health-emergency-team-1-april/
2020-04-01,txt_cases,3447.0,https://www.gov.ie/en/press-release/22be5d-statement-from-the-national-public-health-emergency-team-1-april/
2020-04-01,txt_cases_hospitalised,834.0,https://www.gov.ie/en/press-release/22be5d-statement-from-the-national-public-health-emergency-team-1-april/
2020-04-01,txt_community_transmission_pct,0.6,https://www.gov.ie/en/press-release/22be5d-statement-from-the-national-public-health-emergency-team-1-april/
2020-04-01,txt_clusters,134.0,https://www.gov.ie/en/press-release/22be5d-statement-from-the-national-public-health-emergency-team-1-april/
2020-04-01,txt_travel_abroad_pct,0.19,https://www.gov.ie/en/press-release/22be5d-statement-from-the-national-public-health-emergency-team-1-april/
2020-04-01,txt_close_contact_pct,0.21,https://www.gov.ie/en/press-release/22be5d-statement-from-the-national-public-health-emergency-team-1-april/
2020-04-01,txt_new_deaths_males,7.0,https://www.gov.ie/en/press-release/22be5d-statement-from-the-national-public-health-emergency-team-1-april/
2020-04-01,txt_new_deaths_females,7.0,https://www.gov.ie/en/press-release/22be5d-statement-from-the-national-public-health-emergency-team-1-april/
2020-04-01,txt_new_deaths_underlying,8.0,https://www.gov.ie/en/press-release/22be5d-statement-from-the-national-public-health-emergency-team-1-april/
2020-04-01,txt_deaths_median_age,82.0,https://www.gov.ie/en/press-release/22be5d-statement-from-the-national-public-health-emergency-team-1-april/
2020-04-01,txt_new_deaths_east,10.0,https://www.gov.ie/en/press-release/22be5d-statement-from-the-national-public-health-emergency-team-1-april/
2020-04-01,txt_new_deaths_south,4.0,https://www.gov.ie/en/press-release/22be5d-statement-from-the-national-public-health-emergency-team-1-april/
2020-04-01,txt_cases_cork_pct,0.08,https://www.gov.ie/en/press-release/22be5d-statement-from-the-national-public-health-emergency-team-1-april/
2020-04-01,txt_cases_cork,255.0,https://www.gov.ie/en/press-release/22be5d-statement-from-the-national-public-health-emergency-team-1-april/
2020-04-01,txt_cases_dublin_pct,0.55,https://www.gov.ie/en/press-release/22be5d-statement-from-the-national-public-health-emergency-team-1-april/
2020-04-01,txt_cases_dublin,1645.0,https://www.gov.ie/en/press-release/22be5d-statement-from-the-national-public-health-emergency-team-1-april/
2020-04-01,txt_clusters_cases,563.0,https://www.gov.ie/en/press-release/22be5d-statement-from-the-national-public-health-emergency-team-1-april/
2020-04-02,txt_female_pct,0.5,https://www.gov.ie/en/press-release/8f3039-statement-from-the-national-public-health-emergency-team-thursday-ap/
2020-04-02,txt_cases_healthcare_workers_pct,0.26,https://www.gov.ie/en/press-release/8f3039-statement-from-the-national-public-health-emergency-team-thursday-ap/
2020-04-02,txt_cases_healthcare_workers,841.0,https://www.gov.ie/en/press-release/8f3039-statement-from-the-national-public-health-emergency-team-thursday-ap/
2020-04-02,txt_cases_admitted_icu,134.0,https://www.gov.ie/en/press-release/8f3039-statement-from-the-national-public-health-emergency-team-thursday-ap/
2020-04-02,txt_cases_hospitalised_pct,0.28,https://www.gov.ie/en/press-release/8f3039-statement-from-the-national-public-health-emergency-team-thursday-ap/
2020-04-02,txt_cases,3849.0,https://www.gov.ie/en/press-release/8f3039-statement-from-the-national-public-health-emergency-team-thursday-ap/
2020-04-02,txt_cases_median_age,48.0,https://www.gov.ie/en/press-release/8f3039-statement-from-the-national-public-health-emergency-team-thursday-ap/
2020-04-02,txt_new_deaths,13.0,https://www.gov.ie/en/press-release/8f3039-statement-from-the-national-public-health-emergency-team-thursday-ap/
2020-04-02,txt_new_cases,402.0,https://www.gov.ie/en/press-release/8f3039-statement-from-the-national-public-health-emergency-team-thursday-ap/
2020-04-02,txt_deaths,98.0,https://www.gov.ie/en/press-release/8f3039-statement-from-the-national-public-health-emergency-team-thursday-ap/
2020-04-02,txt_male_pct,0.48,https://www.gov.ie/en/press-release/8f3039-statement-from-the-national-public-health-emergency-team-thursday-ap/
2020-04-02,txt_cases_hospitalised,932.0,https://www.gov.ie/en/press-release/8f3039-statement-from-the-national-public-health-emergency-team-thursday-ap/
2020-04-02,txt_community_transmission_pct,0.6,https://www.gov.ie/en/press-release/8f3039-statement-from-the-national-public-health-emergency-team-thursday-ap/
2020-04-02,txt_clusters,160.0,https://www.gov.ie/en/press-release/8f3039-statement-from-the-national-public-health-emergency-team-thursday-ap/
2020-04-02,txt_travel_abroad_pct,0.17,https://www.gov.ie/en/press-release/8f3039-statement-from-the-national-public-health-emergency-team-thursday-ap/
2020-04-02,txt_deaths_median_age,82.0,https://www.gov.ie/en/press-release/8f3039-statement-from-the-national-public-health-emergency-team-thursday-ap/
2020-04-02,txt_new_deaths_males,9.0,https://www.gov.ie/en/press-release/8f3039-statement-from-the-national-public-health-emergency-team-thursday-ap/
2020-04-02,txt_new_deaths_females,4.0,https://www.gov.ie/en/press-release/8f3039-statement-from-the-national-public-health-emergency-team-thursday-ap/
2020-04-02,txt_new_deaths_underlying,10.0,https://www.gov.ie/en/press-release/8f3039-statement-from-the-national-public-health-emergency-team-thursday-ap/
2020-04-02,txt_new_deaths_south,1.0,https://www.gov.ie/en/press-release/8f3039-statement-from-the-national-public-health-emergency-team-thursday-ap/
2020-04-02,txt_close_contact_pct,0.23,https://www.gov.ie/en/press-release/8f3039-statement-from-the-national-public-health-emergency-team-thursday-ap/
2020-04-02,txt_clusters_cases,659.0,https://www.gov.ie/en/press-release/8f3039-statement-from-the-national-public-health-emergency-team-thursday-ap/
2020-04-02,txt_cases_cork_pct,0.08,https://www.gov.ie/en/press-release/8f3039-statement-from-the-national-public-health-emergency-team-thursday-ap/
2020-04-02,txt_cases_cork,272.0,https://www.gov.ie/en/press-release/8f3039-statement-from-the-national-public-health-emergency-team-thursday-ap/
2020-04-02,txt_cases_dublin_pct,0.56,https://www.gov.ie/en/press-release/8f3039-statement-from-the-national-public-health-emergency-team-thursday-ap/
2020-04-02,txt_cases_dublin,1838.0,https://www.gov.ie/en/press-release/8f3039-statement-from-the-national-public-health-emergency-team-thursday-ap/
2020-04-02,txt_new_deaths_east,9.0,https://www.gov.ie/en/press-release/8f3039-statement-from-the-national-public-health-emergency-team-thursday-ap/
2020-04-03,txt_female_pct,0.51,https://www.gov.ie/en/press-release/a8debf-statement-from-the-national-public-health-emergency-team-friday-apri/
2020-04-03,txt_cases_healthcare_workers_pct,0.26,https://www.gov.ie/en/press-release/a8debf-statement-from-the-national-public-health-emergency-team-friday-apri/
2020-04-03,txt_cases_healthcare_workers,948.0,https://www.gov.ie/en/press-release/a8debf-statement-from-the-national-public-health-emergency-team-friday-apri/
2020-04-03,txt_cases_admitted_icu,148.0,https://www.gov.ie/en/press-release/a8debf-statement-from-the-national-public-health-emergency-team-friday-apri/
2020-04-03,txt_cases_hospitalised_pct,0.28,https://www.gov.ie/en/press-release/a8debf-statement-from-the-national-public-health-emergency-team-friday-apri/
2020-04-03,txt_new_deaths_median_age,80.0,https://www.gov.ie/en/press-release/a8debf-statement-from-the-national-public-health-emergency-team-friday-apri/
2020-04-03,txt_cases_median_age,48.0,https://www.gov.ie/en/press-release/a8debf-statement-from-the-national-public-health-emergency-team-friday-apri/
2020-04-03,txt_new_deaths,22.0,https://www.gov.ie/en/press-release/a8debf-statement-from-the-national-public-health-emergency-team-friday-apri/
2020-04-03,txt_new_cases,424.0,https://www.gov.ie/en/press-release/a8debf-statement-from-the-national-public-health-emergency-team-friday-apri/
2020-04-03,txt_deaths,120.0,https://www.gov.ie/en/press-release/a8debf-statement-from-the-national-public-health-emergency-team-friday-apri/
2020-04-03,txt_male_pct,0.48,https://www.gov.ie/en/press-release/a8debf-statement-from-the-national-public-health-emergency-team-friday-apri/
2020-04-03,txt_cases_hospitalised,1039.0,https://www.gov.ie/en/press-release/a8debf-statement-from-the-national-public-health-emergency-team-friday-apri/
2020-04-03,txt_cases,4273.0,https://www.gov.ie/en/press-release/a8debf-statement-from-the-national-public-health-emergency-team-friday-apri/
2020-04-03,txt_community_transmission_pct,0.61,https://www.gov.ie/en/press-release/a8debf-statement-from-the-national-public-health-emergency-team-friday-apri/
2020-04-03,txt_travel_abroad_pct,0.16,https://www.gov.ie/en/press-release/a8debf-statement-from-the-national-public-health-emergency-team-friday-apri/
2020-04-03,txt_close_contact_pct,0.23,https://www.gov.ie/en/press-release/a8debf-statement-from-the-national-public-health-emergency-team-friday-apri/
2020-04-03,txt_new_deaths_males,11.0,https://www.gov.ie/en/press-release/a8debf-statement-from-the-national-public-health-emergency-team-friday-apri/
2020-04-03,txt_new_deaths_females,11.0,https://www.gov.ie/en/press-release/a8debf-statement-from-the-national-public-health-emergency-team-friday-apri/
2020-04-03,txt_new_deaths_underlying,16.0,https://www.gov.ie/en/press-release/a8debf-statement-from-the-national-public-health-emergency-team-friday-apri/
2020-04-03,txt_new_deaths_south,3.0,https://www.gov.ie/en/press-release/a8debf-statement-from-the-national-public-health-emergency-team-friday-apri/
2020-04-03,txt_new_deaths_east,18.0,https://www.gov.ie/en/press-release/a8debf-statement-from-the-national-public-health-emergency-team-friday-apri/
2020-04-03,txt_deaths_median_age,82.0,https://www.gov.ie/en/press-release/a8debf-statement-from-the-national-public-health-emergency-team-friday-apri/
2020-04-03,txt_clusters,171.0,https://www.gov.ie/en/press-release/a8debf-statement-from-the-national-public-health-emergency-team-friday-apri/
2020-04-03,txt_cases_cork_pct,0.08,https://www.gov.ie/en/press-release/a8debf-statement-from-the-national-public-health-emergency-team-friday-apri/
2020-04-03,txt_cases_cork,292.0,https://www.gov.ie/en/press-release/a8debf-statement-from-the-national-public-health-emergency-team-friday-apri/
2020-04-03,txt_cases_dublin_pct,0.57,https://www.gov.ie/en/press-release/a8debf-statement-from-the-national-public-health-emergency-team-friday-apri/
2020-04-03,txt_cases_dublin,2077.0,https://www.gov.ie/en/press-release/a8debf-statement-from-the-national-public-health-emergency-team-friday-apri/
2020-04-03,txt_clusters_cases,626.0,https://www.gov.ie/en/press-release/a8debf-statement-from-the-national-public-health-emergency-team-friday-apri/
2020-04-04,txt_female_pct,0.52,https://www.gov.ie/en/press-release/384784-statement-from-the-national-public-health-emergency-team-saturday-4-/
2020-04-04,txt_cases_healthcare_workers_pct,0.27,https://www.gov.ie/en/press-release/384784-statement-from-the-national-public-health-emergency-team-saturday-4-/
2020-04-04,txt_cases_healthcare_workers,1084.0,https://www.gov.ie/en/press-release/384784-statement-from-the-national-public-health-emergency-team-saturday-4-/
2020-04-04,txt_cases_admitted_icu,158.0,https://www.gov.ie/en/press-release/384784-statement-from-the-national-public-health-emergency-team-saturday-4-/
2020-04-04,txt_cases_hospitalised_pct,0.28,https://www.gov.ie/en/press-release/384784-statement-from-the-national-public-health-emergency-team-saturday-4-/
2020-04-04,txt_new_deaths,17.0,https://www.gov.ie/en/press-release/384784-statement-from-the-national-public-health-emergency-team-saturday-4-/
2020-04-04,txt_new_deaths_median_age,77.0,https://www.gov.ie/en/press-release/384784-statement-from-the-national-public-health-emergency-team-saturday-4-/
2020-04-04,txt_new_cases,331.0,https://www.gov.ie/en/press-release/384784-statement-from-the-national-public-health-emergency-team-saturday-4-/
2020-04-04,txt_deaths,137.0,https://www.gov.ie/en/press-release/384784-statement-from-the-national-public-health-emergency-team-saturday-4-/
2020-04-04,txt_cases,4604.0,https://www.gov.ie/en/press-release/384784-statement-from-the-national-public-health-emergency-team-saturday-4-/
2020-04-04,txt_cases_hospitalised,1118.0,https://www.gov.ie/en/press-release/384784-statement-from-the-national-public-health-emergency-team-saturday-4-/
2020-04-04,txt_community_transmission_pct,0.62,https://www.gov.ie/en/press-release/384784-statement-from-the-national-public-health-emergency-team-saturday-4-/
2020-04-04,txt_male_pct,0.48,https://www.gov.ie/en/press-release/384784-statement-from-the-national-public-health-emergency-team-saturday-4-/
2020-04-04,txt_travel_abroad_pct,0.14,https://www.gov.ie/en/press-release/384784-statement-from-the-national-public-health-emergency-team-saturday-4-/
2020-04-04,txt_deaths_median_age,81.0,https://www.gov.ie/en/press-release/384784-statement-from-the-national-public-health-emergency-team-saturday-4-/
2020-04-04,txt_new_deaths_males,13.0,https://www.gov.ie/en/press-release/384784-statement-from-the-national-public-health-emergency-team-saturday-4-/
2020-04-04,txt_new_deaths_females,4.0,https://www.gov.ie/en/press-release/384784-statement-from-the-national-public-health-emergency-team-saturday-4-/
2020-04-04,txt_new_deaths_underlying,13.0,https://www.gov.ie/en/press-release/384784-statement-from-the-national-public-health-emergency-team-saturday-4-/
2020-04-04,txt_new_deaths_south,1.0,https://www.gov.ie/en/press-release/384784-statement-from-the-national-public-health-emergency-team-saturday-4-/
2020-04-04,txt_new_deaths_east,15.0,https://www.gov.ie/en/press-release/384784-statement-from-the-national-public-health-emergency-team-saturday-4-/
2020-04-04,txt_close_contact_pct,0.24,https://www.gov.ie/en/press-release/384784-statement-from-the-national-public-health-emergency-team-saturday-4-/
2020-04-04,txt_clusters,206.0,https://www.gov.ie/en/press-release/384784-statement-from-the-national-public-health-emergency-team-saturday-4-/
2020-04-04,txt_cases_cork_pct,0.08,https://www.gov.ie/en/press-release/384784-statement-from-the-national-public-health-emergency-team-saturday-4-/
2020-04-04,txt_cases_cork,304.0,https://www.gov.ie/en/press-release/384784-statement-from-the-national-public-health-emergency-team-saturday-4-/
2020-04-04,txt_cases_dublin_pct,0.56,https://www.gov.ie/en/press-release/384784-statement-from-the-national-public-health-emergency-team-saturday-4-/
2020-04-04,txt_cases_dublin,2251.0,https://www.gov.ie/en/press-release/384784-statement-from-the-national-public-health-emergency-team-saturday-4-/
2020-04-04,txt_clusters_cases,838.0,https://www.gov.ie/en/press-release/384784-statement-from-the-national-public-health-emergency-team-saturday-4-/
2020-04-05,txt_cases_healthcare_workers_pct,0.26,https://www.gov.ie/en/press-release/d809ea-statement-from-the-national-public-health-emergency-team-sunday-5-ap/
2020-04-05,txt_cases_healthcare_workers,1163.0,https://www.gov.ie/en/press-release/d809ea-statement-from-the-national-public-health-emergency-team-sunday-5-ap/
2020-04-05,txt_cases_admitted_icu,165.0,https://www.gov.ie/en/press-release/d809ea-statement-from-the-national-public-health-emergency-team-sunday-5-ap/
2020-04-05,txt_cases_hospitalised_pct,0.27,https://www.gov.ie/en/press-release/d809ea-statement-from-the-national-public-health-emergency-team-sunday-5-ap/
2020-04-05,txt_cases_hospitalised,1203.0,https://www.gov.ie/en/press-release/d809ea-statement-from-the-national-public-health-emergency-team-sunday-5-ap/
2020-04-05,txt_new_deaths,21.0,https://www.gov.ie/en/press-release/d809ea-statement-from-the-national-public-health-emergency-team-sunday-5-ap/
2020-04-05,txt_new_deaths_median_age,81.0,https://www.gov.ie/en/press-release/d809ea-statement-from-the-national-public-health-emergency-team-sunday-5-ap/
2020-04-05,txt_new_cases,390.0,https://www.gov.ie/en/press-release/d809ea-statement-from-the-national-public-health-emergency-team-sunday-5-ap/
2020-04-05,txt_deaths,158.0,https://www.gov.ie/en/press-release/d809ea-statement-from-the-national-public-health-emergency-team-sunday-5-ap/
2020-04-05,txt_cases,4994.0,https://www.gov.ie/en/press-release/d809ea-statement-from-the-national-public-health-emergency-team-sunday-5-ap/
2020-04-05,txt_female_pct,0.53,https://www.gov.ie/en/press-release/d809ea-statement-from-the-national-public-health-emergency-team-sunday-5-ap/
2020-04-05,txt_cases_median_age,48.0,https://www.gov.ie/en/press-release/d809ea-statement-from-the-national-public-health-emergency-team-sunday-5-ap/
2020-04-05,txt_male_pct,0.47,https://www.gov.ie/en/press-release/d809ea-statement-from-the-national-public-health-emergency-team-sunday-5-ap/
2020-04-05,txt_close_contact_pct,0.24,https://www.gov.ie/en/press-release/d809ea-statement-from-the-national-public-health-emergency-team-sunday-5-ap/
2020-04-05,txt_new_deaths_males,12.0,https://www.gov.ie/en/press-release/d809ea-statement-from-the-national-public-health-emergency-team-sunday-5-ap/
2020-04-05,txt_community_transmission_pct,0.63,https://www.gov.ie/en/press-release/d809ea-statement-from-the-national-public-health-emergency-team-sunday-5-ap/
2020-04-05,txt_new_deaths_females,9.0,https://www.gov.ie/en/press-release/d809ea-statement-from-the-national-public-health-emergency-team-sunday-5-ap/
2020-04-05,txt_new_deaths_underlying,12.0,https://www.gov.ie/en/press-release/d809ea-statement-from-the-national-public-health-emergency-team-sunday-5-ap/
2020-04-05,txt_new_deaths_east,17.0,https://www.gov.ie/en/press-release/d809ea-statement-from-the-national-public-health-emergency-team-sunday-5-ap/
2020-04-05,txt_clusters_cases,903.0,https://www.gov.ie/en/press-release/d809ea-statement-from-the-national-public-health-emergency-team-sunday-5-ap/
2020-04-05,txt_new_deaths_south,2.0,https://www.gov.ie/en/press-release/d809ea-statement-from-the-national-public-health-emergency-team-sunday-5-ap/
2020-04-05,txt_cases_cork_pct,0.08,https://www.gov.ie/en/press-release/d809ea-statement-from-the-national-public-health-emergency-team-sunday-5-ap/
2020-04-05,txt_cases_cork,343.0,https://www.gov.ie/en/press-release/d809ea-statement-from-the-national-public-health-emergency-team-sunday-5-ap/
2020-04-05,txt_cases_dublin_pct,0.56,https://www.gov.ie/en/press-release/d809ea-statement-from-the-national-public-health-emergency-team-sunday-5-ap/
2020-04-05,txt_cases_dublin,2490.0,https://www.gov.ie/en/press-release/d809ea-statement-from-the-national-public-health-emergency-team-sunday-5-ap/
2020-04-05,txt_travel_abroad_pct,0.13,https://www.gov.ie/en/press-release/d809ea-statement-from-the-national-public-health-emergency-team-sunday-5-ap/
2020-04-05,txt_clusters,236.0,https://www.gov.ie/en/press-release/d809ea-statement-from-the-national-public-health-emergency-team-sunday-5-ap/
2020-04-05,txt_deaths_median_age,81.0,https://www.gov.ie/en/press-release/d809ea-statement-from-the-national-public-health-emergency-team-sunday-5-ap/
2020-04-06,txt_cases_hospitalised,1265.0,https://www.gov.ie/en/press-release/ec2aa4-statement-from-the-national-public-health-emergency-team-monday-6-ap/
2020-04-06,txt_cases_healthcare_workers_pct,0.26,https://www.gov.ie/en/press-release/ec2aa4-statement-from-the-national-public-health-emergency-team-monday-6-ap/
2020-04-06,txt_cases_healthcare_workers,1263.0,https://www.gov.ie/en/press-release/ec2aa4-statement-from-the-national-public-health-emergency-team-monday-6-ap/
2020-04-06,txt_cases_admitted_icu,169.0,https://www.gov.ie/en/press-release/ec2aa4-statement-from-the-national-public-health-emergency-team-monday-6-ap/
2020-04-06,txt_cases_hospitalised_pct,0.26,https://www.gov.ie/en/press-release/ec2aa4-statement-from-the-national-public-health-emergency-team-monday-6-ap/
2020-04-06,txt_female_pct,0.54,https://www.gov.ie/en/press-release/ec2aa4-statement-from-the-national-public-health-emergency-team-monday-6-ap/
2020-04-06,txt_new_deaths,16.0,https://www.gov.ie/en/press-release/ec2aa4-statement-from-the-national-public-health-emergency-team-monday-6-ap/
2020-04-06,txt_new_cases,370.0,https://www.gov.ie/en/press-release/ec2aa4-statement-from-the-national-public-health-emergency-team-monday-6-ap/
2020-04-06,txt_deaths,174.0,https://www.gov.ie/en/press-release/ec2aa4-statement-from-the-national-public-health-emergency-team-monday-6-ap/
2020-04-06,txt_cases,5364.0,https://www.gov.ie/en/press-release/ec2aa4-statement-from-the-national-public-health-emergency-team-monday-6-ap/
2020-04-06,txt_new_deaths_median_age,78.0,https://www.gov.ie/en/press-release/ec2aa4-statement-from-the-national-public-health-emergency-team-monday-6-ap/
2020-04-06,txt_male_pct,0.46,https://www.gov.ie/en/press-release/ec2aa4-statement-from-the-national-public-health-emergency-team-monday-6-ap/
2020-04-06,txt_cases_median_age,49.0,https://www.gov.ie/en/press-release/ec2aa4-statement-from-the-national-public-health-emergency-team-monday-6-ap/
2020-04-06,txt_close_contact_pct,0.23,https://www.gov.ie/en/press-release/ec2aa4-statement-from-the-national-public-health-emergency-team-monday-6-ap/
2020-04-06,txt_deaths_median_age,81.0,https://www.gov.ie/en/press-release/ec2aa4-statement-from-the-national-public-health-emergency-team-monday-6-ap/
2020-04-06,txt_new_deaths_males,10.0,https://www.gov.ie/en/press-release/ec2aa4-statement-from-the-national-public-health-emergency-team-monday-6-ap/
2020-04-06,txt_new_deaths_females,6.0,https://www.gov.ie/en/press-release/ec2aa4-statement-from-the-national-public-health-emergency-team-monday-6-ap/
2020-04-06,txt_new_deaths_east,11.0,https://www.gov.ie/en/press-release/ec2aa4-statement-from-the-national-public-health-emergency-team-monday-6-ap/
2020-04-06,txt_clusters_cases,989.0,https://www.gov.ie/en/press-release/ec2aa4-statement-from-the-national-public-health-emergency-team-monday-6-ap/
2020-04-06,txt_new_deaths_underlying,4.0,https://www.gov.ie/en/press-release/ec2aa4-statement-from-the-national-public-health-emergency-team-monday-6-ap/
2020-04-06,txt_cases_cork_pct,0.07,https://www.gov.ie/en/press-release/ec2aa4-statement-from-the-national-public-health-emergency-team-monday-6-ap/
2020-04-06,txt_cases_cork,362.0,https://www.gov.ie/en/press-release/ec2aa4-statement-from-the-national-public-health-emergency-team-monday-6-ap/
2020-04-06,txt_cases_dublin_pct,0.55,https://www.gov.ie/en/press-release/ec2aa4-statement-from-the-national-public-health-emergency-team-monday-6-ap/
2020-04-06,txt_cases_dublin,2692.0,https://www.gov.ie/en/press-release/ec2aa4-statement-from-the-national-public-health-emergency-team-monday-6-ap/
2020-04-06,txt_travel_abroad_pct,0.12,https://www.gov.ie/en/press-release/ec2aa4-statement-from-the-national-public-health-emergency-team-monday-6-ap/
2020-04-06,txt_clusters,260.0,https://www.gov.ie/en/press-release/ec2aa4-statement-from-the-national-public-health-emergency-team-monday-6-ap/
2020-04-06,txt_community_transmission_pct,0.65,https://www.gov.ie/en/press-release/ec2aa4-statement-from-the-national-public-health-emergency-team-monday-6-ap/
2020-04-07,txt_new_deaths,36.0,https://www.gov.ie/en/press-release/ee6b84-statement-from-the-national-public-health-emergency-team-tuesday-7-a/
2020-04-07,txt_cases,5709.0,https://www.gov.ie/en/press-release/ee6b84-statement-from-the-national-public-health-emergency-team-tuesday-7-a/
2020-04-07,txt_deaths,210.0,https://www.gov.ie/en/press-release/ee6b84-statement-from-the-national-public-health-emergency-team-tuesday-7-a/
2020-04-07,txt_new_cases,345.0,https://www.gov.ie/en/press-release/ee6b84-statement-from-the-national-public-health-emergency-team-tuesday-7-a/
2020-04-07,txt_tests,42484.0,https://www.gov.ie/en/press-release/ee6b84-statement-from-the-national-public-health-emergency-team-tuesday-7-a/
2020-04-07,txt_new_deaths_east,27.0,https://www.gov.ie/en/press-release/ee6b84-statement-from-the-national-public-health-emergency-team-tuesday-7-a/
2020-04-07,txt_new_deaths_south,6.0,https://www.gov.ie/en/press-release/ee6b84-statement-from-the-national-public-health-emergency-team-tuesday-7-a/
2020-04-07,txt_new_deaths_underlying,24.666,https://www.gov.ie/en/press-release/ee6b84-statement-from-the-national-public-health-emergency-team-tuesday-7-a/
2020-04-07,txt_new_deaths_females,17.0,https://www.gov.ie/en/press-release/ee6b84-statement-from-the-national-public-health-emergency-team-tuesday-7-a/
2020-04-07,txt_new_deaths_males,19.0,https://www.gov.ie/en/press-release/ee6b84-statement-from-the-national-public-health-emergency-team-tuesday-7-a/
2020-04-07,txt_deaths_median_age,81.0,https://www.gov.ie/en/press-release/ee6b84-statement-from-the-national-public-health-emergency-team-tuesday-7-a/
2020-04-07,txt_new_deaths_median_age,81.0,https://www.gov.ie/en/press-release/ee6b84-statement-from-the-national-public-health-emergency-team-tuesday-7-a/
2020-04-08,txt_female_pct,0.53,https://www.gov.ie/en/press-release/0f1615-statement-from-the-national-public-health-emergency-team-wednesday-8/
2020-04-08,txt_cases_healthcare_workers,1568.0,https://www.gov.ie/en/press-release/0f1615-statement-from-the-national-public-health-emergency-team-wednesday-8/
2020-04-08,txt_cases_admitted_icu,224.0,https://www.gov.ie/en/press-release/0f1615-statement-from-the-national-public-health-emergency-team-wednesday-8/
2020-04-08,txt_cases_hospitalised_pct,0.25,https://www.gov.ie/en/press-release/0f1615-statement-from-the-national-public-health-emergency-team-wednesday-8/
2020-04-08,txt_new_deaths_median_age,80.0,https://www.gov.ie/en/press-release/0f1615-statement-from-the-national-public-health-emergency-team-wednesday-8/
2020-04-08,txt_cases_median_age,48.0,https://www.gov.ie/en/press-release/0f1615-statement-from-the-national-public-health-emergency-team-wednesday-8/
2020-04-08,txt_new_cases,365.0,https://www.gov.ie/en/press-release/0f1615-statement-from-the-national-public-health-emergency-team-wednesday-8/
2020-04-08,txt_deaths,235.0,https://www.gov.ie/en/press-release/0f1615-statement-from-the-national-public-health-emergency-team-wednesday-8/
2020-04-08,txt_cases,6074.0,https://www.gov.ie/en/press-release/0f1615-statement-from-the-national-public-health-emergency-team-wednesday-8/
2020-04-08,txt_cases_hospitalised,1472.0,https://www.gov.ie/en/press-release/0f1615-statement-from-the-national-public-health-emergency-team-wednesday-8/
2020-04-08,txt_male_pct,0.46,https://www.gov.ie/en/press-release/0f1615-statement-from-the-national-public-health-emergency-team-wednesday-8/
2020-04-08,txt_close_contact_pct,0.23,https://www.gov.ie/en/press-release/0f1615-statement-from-the-national-public-health-emergency-team-wednesday-8/
2020-04-08,txt_travel_abroad_pct,0.1,https://www.gov.ie/en/press-release/0f1615-statement-from-the-national-public-health-emergency-team-wednesday-8/
2020-04-08,txt_cases_dublin,3268.0,https://www.gov.ie/en/press-release/0f1615-statement-from-the-national-public-health-emergency-team-wednesday-8/
2020-04-08,txt_cases_dublin_pct,0.55,https://www.gov.ie/en/press-release/0f1615-statement-from-the-national-public-health-emergency-team-wednesday-8/
2020-04-08,txt_cases_cork,431.0,https://www.gov.ie/en/press-release/0f1615-statement-from-the-national-public-health-emergency-team-wednesday-8/
2020-04-08,txt_cases_cork_pct,0.07,https://www.gov.ie/en/press-release/0f1615-statement-from-the-national-public-health-emergency-team-wednesday-8/
2020-04-08,txt_clusters,299.0,https://www.gov.ie/en/press-release/0f1615-statement-from-the-national-public-health-emergency-team-wednesday-8/
2020-04-08,txt_clusters_cases,1288.0,https://www.gov.ie/en/press-release/0f1615-statement-from-the-national-public-health-emergency-team-wednesday-8/
2020-04-08,txt_new_deaths_east,13.0,https://www.gov.ie/en/press-release/0f1615-statement-from-the-national-public-health-emergency-team-wednesday-8/
2020-04-08,txt_new_deaths_south,8.0,https://www.gov.ie/en/press-release/0f1615-statement-from-the-national-public-health-emergency-team-wednesday-8/
2020-04-08,txt_new_deaths_west,2.0,https://www.gov.ie/en/press-release/0f1615-statement-from-the-national-public-health-emergency-team-wednesday-8/
2020-04-08,txt_community_transmission_pct,0.67,https://www.gov.ie/en/press-release/0f1615-statement-from-the-national-public-health-emergency-team-wednesday-8/
2020-04-09,txt_cases_healthcare_workers,1765.0,https://www.gov.ie/en/press-release/0369d8-statement-from-the-national-public-health-emergency-team-thursday-9-/
2020-04-09,txt_cases_admitted_icu,230.0,https://www.gov.ie/en/press-release/0369d8-statement-from-the-national-public-health-emergency-team-thursday-9-/
2020-04-09,txt_cases_hospitalised_pct,0.24,https://www.gov.ie/en/press-release/0369d8-statement-from-the-national-public-health-emergency-team-thursday-9-/
2020-04-09,txt_deaths,263.0,https://www.gov.ie/en/press-release/0369d8-statement-from-the-national-public-health-emergency-team-thursday-9-/
2020-04-09,txt_cases_median_age,48.0,https://www.gov.ie/en/press-release/0369d8-statement-from-the-national-public-health-emergency-team-thursday-9-/
2020-04-09,txt_new_deaths_median_age,84.0,https://www.gov.ie/en/press-release/0369d8-statement-from-the-national-public-health-emergency-team-thursday-9-/
2020-04-09,txt_new_cases,500.0,https://www.gov.ie/en/press-release/0369d8-statement-from-the-national-public-health-emergency-team-thursday-9-/
2020-04-09,txt_female_pct,0.53,https://www.gov.ie/en/press-release/0369d8-statement-from-the-national-public-health-emergency-team-thursday-9-/
2020-04-09,txt_cases_hospitalised,1521.0,https://www.gov.ie/en/press-release/0369d8-statement-from-the-national-public-health-emergency-team-thursday-9-/
2020-04-09,txt_male_pct,0.45,https://www.gov.ie/en/press-release/0369d8-statement-from-the-national-public-health-emergency-team-thursday-9-/
2020-04-09,txt_cases_dublin_pct,0.55,https://www.gov.ie/en/press-release/0369d8-statement-from-the-national-public-health-emergency-team-thursday-9-/
2020-04-09,txt_close_contact_pct,0.24,https://www.gov.ie/en/press-release/0369d8-statement-from-the-national-public-health-emergency-team-thursday-9-/
2020-04-09,txt_travel_abroad_pct,0.09,https://www.gov.ie/en/press-release/0369d8-statement-from-the-national-public-health-emergency-team-thursday-9-/
2020-04-09,txt_cases_dublin,3557.0,https://www.gov.ie/en/press-release/0369d8-statement-from-the-national-public-health-emergency-team-thursday-9-/
2020-04-09,txt_cases_cork,472.0,https://www.gov.ie/en/press-release/0369d8-statement-from-the-national-public-health-emergency-team-thursday-9-/
2020-04-09,txt_cases_cork_pct,0.07,https://www.gov.ie/en/press-release/0369d8-statement-from-the-national-public-health-emergency-team-thursday-9-/
2020-04-09,txt_clusters,317.0,https://www.gov.ie/en/press-release/0369d8-statement-from-the-national-public-health-emergency-team-thursday-9-/
2020-04-09,txt_clusters_cases,1391.0,https://www.gov.ie/en/press-release/0369d8-statement-from-the-national-public-health-emergency-team-thursday-9-/
2020-04-09,txt_new_deaths_east,22.0,https://www.gov.ie/en/press-release/0369d8-statement-from-the-national-public-health-emergency-team-thursday-9-/
2020-04-09,txt_new_deaths_south,2.0,https://www.gov.ie/en/press-release/0369d8-statement-from-the-national-public-health-emergency-team-thursday-9-/
2020-04-09,txt_community_transmission_pct,0.66,https://www.gov.ie/en/press-release/0369d8-statement-from-the-national-public-health-emergency-team-thursday-9-/
2020-04-09,txt_cases,6574.0,https://www.gov.ie/en/press-release/0369d8-statement-from-the-national-public-health-emergency-team-thursday-9-/
